configs,mark
1114,pretrain
741,pretrain
6240,pretrain
2793,pretrain
4872,pretrain
1249,pretrain
5340,pretrain
4446,pretrain
2554,pretrain
1213,pretrain
738,pretrain
5915,pretrain
1066,pretrain
1443,pretrain
500,pretrain
4646,pretrain
1586,pretrain
4863,pretrain
4216,pretrain
2556,pretrain
2251,pretrain
923,pretrain
1906,pretrain
2887,pretrain
3871,pretrain
1256,pretrain
1695,pretrain
5765,pretrain
177,pretrain
3936,pretrain
5908,pretrain
5795,pretrain
2984,pretrain
13,pretrain
4389,pretrain
5110,pretrain
5424,pretrain
3349,pretrain
2487,pretrain
3383,pretrain
4893,pretrain
1069,pretrain
4506,pretrain
425,pretrain
1462,pretrain
6096,pretrain
91,pretrain
771,pretrain
1377,pretrain
2402,pretrain
846,pretrain
6309,pretrain
1737,pretrain
3719,pretrain
1166,pretrain
5059,pretrain
4836,pretrain
51,pretrain
376,pretrain
2888,pretrain
2950,pretrain
1174,pretrain
4379,pretrain
902,pretrain
2058,pretrain
1139,pretrain
4617,pretrain
576,pretrain
4924,pretrain
4653,pretrain
5272,pretrain
4356,pretrain
1538,pretrain
2598,pretrain
2286,pretrain
658,pretrain
562,pretrain
3194,pretrain
2067,pretrain
3202,pretrain
189,pretrain
6221,pretrain
1072,pretrain
5062,pretrain
1507,pretrain
3748,pretrain
5922,pretrain
2627,pretrain
5068,pretrain
5434,pretrain
3744,pretrain
4949,pretrain
382,pretrain
710,pretrain
6306,pretrain
2101,pretrain
2593,pretrain
2030,pretrain
72,pretrain
2676,pretrain
1865,pretrain
3433,pretrain
4001,pretrain
1079,pretrain
1090,pretrain
570,pretrain
2688,pretrain
5168,pretrain
2382,pretrain
1190,pretrain
2113,pretrain
1884,pretrain
3577,pretrain
1110,pretrain
4467,pretrain
6312,pretrain
182,pretrain
1452,pretrain
3837,pretrain
2104,pretrain
1349,pretrain
1936,pretrain
1731,pretrain
2105,pretrain
6100,pretrain
5207,pretrain
2508,pretrain
4458,pretrain
1950,pretrain
2038,pretrain
5267,pretrain
2821,pretrain
5204,pretrain
4739,pretrain
3612,pretrain
4991,pretrain
6298,pretrain
1219,pretrain
1109,pretrain
5058,pretrain
539,pretrain
674,pretrain
4524,pretrain
1419,pretrain
179,pretrain
170,pretrain
4813,pretrain
160,pretrain
5104,pretrain
317,pretrain
1126,pretrain
2340,pretrain
1130,pretrain
220,pretrain
3131,pretrain
6296,pretrain
2690,pretrain
602,pretrain
2528,pretrain
2160,pretrain
1908,pretrain
5201,pretrain
5178,pretrain
2585,pretrain
4255,pretrain
6135,pretrain
2907,pretrain
97,pretrain
3861,pretrain
1513,pretrain
3512,pretrain
1065,pretrain
728,pretrain
2203,pretrain
4668,pretrain
631,pretrain
1291,pretrain
1537,pretrain
4930,pretrain
4040,pretrain
1577,pretrain
5721,pretrain
249,pretrain
1669,pretrain
262,pretrain
3052,pretrain
3256,pretrain
2802,pretrain
3446,pretrain
1764,pretrain
973,pretrain
5492,pretrain
4825,pretrain
740,pretrain
3504,pretrain
5054,pretrain
3819,pretrain
1557,pretrain
478,pretrain
3651,pretrain
306,pretrain
5862,pretrain
4421,pretrain
1201,pretrain
2074,pretrain
5672,pretrain
792,pretrain
3654,pretrain
4058,pretrain
1770,pretrain
4525,pretrain
2686,pretrain
3114,pretrain
3196,pretrain
5435,pretrain
5588,pretrain
6252,pretrain
703,pretrain
5525,pretrain
3082,pretrain
3628,pretrain
1954,pretrain
3647,pretrain
909,pretrain
5636,pretrain
295,pretrain
5817,pretrain
555,pretrain
151,pretrain
1676,pretrain
951,pretrain
681,pretrain
2762,pretrain
4479,pretrain
203,pretrain
6028,pretrain
5403,pretrain
4066,pretrain
1091,pretrain
5297,pretrain
1468,pretrain
3244,pretrain
6236,pretrain
1646,pretrain
5213,pretrain
1736,pretrain
1004,pretrain
104,pretrain
5446,pretrain
5833,pretrain
2609,pretrain
2766,pretrain
4718,pretrain
3609,pretrain
6208,pretrain
2510,pretrain
2735,pretrain
590,pretrain
6111,pretrain
3776,pretrain
1144,pretrain
5868,pretrain
6033,pretrain
1233,pretrain
915,pretrain
620,pretrain
2820,pretrain
4629,pretrain
2100,pretrain
1317,pretrain
4056,pretrain
3229,pretrain
1902,pretrain
3076,pretrain
1826,pretrain
2549,pretrain
1338,pretrain
5217,pretrain
593,pretrain
1797,pretrain
781,pretrain
5445,pretrain
2656,pretrain
2172,pretrain
5079,pretrain
41,pretrain
4209,pretrain
1035,pretrain
5843,pretrain
2989,pretrain
5535,pretrain
5805,pretrain
458,pretrain
3682,pretrain
1357,pretrain
3650,pretrain
2822,pretrain
2623,pretrain
3286,pretrain
5032,pretrain
473,pretrain
5884,pretrain
1094,pretrain
5879,pretrain
898,pretrain
4318,pretrain
1416,pretrain
6064,pretrain
695,pretrain
3562,pretrain
3369,pretrain
1656,pretrain
4850,pretrain
5295,pretrain
2114,pretrain
614,pretrain
1451,pretrain
3263,pretrain
4075,pretrain
5687,pretrain
1571,pretrain
1985,pretrain
6084,pretrain
378,pretrain
5802,pretrain
4806,pretrain
5044,pretrain
4403,pretrain
2724,pretrain
5378,pretrain
5187,pretrain
636,pretrain
1030,pretrain
1414,pretrain
118,pretrain
4032,pretrain
2216,pretrain
6177,pretrain
4180,pretrain
3100,pretrain
256,pretrain
843,pretrain
199,pretrain
4711,pretrain
5582,pretrain
1617,pretrain
4422,pretrain
3864,pretrain
3389,pretrain
4680,pretrain
4522,pretrain
103,pretrain
3847,pretrain
3958,pretrain
4829,pretrain
2444,pretrain
5504,pretrain
5585,pretrain
1285,pretrain
1769,pretrain
2814,pretrain
4707,pretrain
5164,pretrain
5849,pretrain
5117,pretrain
5544,pretrain
6229,pretrain
4437,pretrain
5529,pretrain
1222,pretrain
1271,pretrain
6175,pretrain
333,pretrain
4560,pretrain
999,pretrain
5880,pretrain
6238,pretrain
511,pretrain
975,pretrain
5436,pretrain
3929,pretrain
2616,pretrain
2179,pretrain
2017,pretrain
4512,pretrain
3976,pretrain
651,pretrain
5480,pretrain
3264,pretrain
3209,pretrain
1728,pretrain
1802,pretrain
2536,pretrain
3065,pretrain
4624,pretrain
3432,pretrain
1696,pretrain
3529,pretrain
1382,pretrain
2652,pretrain
2776,pretrain
5060,pretrain
1503,pretrain
1193,pretrain
3394,pretrain
4959,pretrain
2921,pretrain
2236,pretrain
1508,pretrain
6244,pretrain
6174,pretrain
5482,pretrain
679,pretrain
2267,pretrain
2388,pretrain
4570,pretrain
5793,pretrain
664,pretrain
1485,pretrain
2124,pretrain
2023,pretrain
5703,pretrain
4220,pretrain
4803,pretrain
2514,pretrain
2969,pretrain
3328,pretrain
4864,pretrain
3511,pretrain
4895,pretrain
6263,pretrain
1131,pretrain
5133,pretrain
482,pretrain
5101,pretrain
5248,pretrain
2312,pretrain
2902,pretrain
4142,pretrain
4709,pretrain
3884,pretrain
2319,pretrain
5184,pretrain
2293,pretrain
4526,pretrain
2213,pretrain
1996,pretrain
2930,pretrain
4092,pretrain
5552,pretrain
4557,pretrain
212,pretrain
1958,pretrain
1444,pretrain
1345,pretrain
6070,pretrain
31,pretrain
4724,pretrain
3401,pretrain
829,pretrain
3462,pretrain
4887,pretrain
824,pretrain
1690,pretrain
3198,pretrain
3041,pretrain
3877,pretrain
3296,pretrain
3307,pretrain
920,pretrain
112,pretrain
4814,pretrain
3544,pretrain
3767,pretrain
880,pretrain
2232,pretrain
3952,pretrain
233,pretrain
688,pretrain
2761,pretrain
925,pretrain
1253,pretrain
2709,pretrain
6265,pretrain
3358,pretrain
4785,pretrain
5534,pretrain
4189,pretrain
5371,pretrain
3708,pretrain
2838,pretrain
272,pretrain
4093,pretrain
2839,pretrain
5772,pretrain
2828,pretrain
2484,pretrain
5089,pretrain
148,pretrain
4117,pretrain
566,pretrain
1896,pretrain
4616,pretrain
2935,pretrain
82,pretrain
324,pretrain
3784,pretrain
1409,pretrain
2495,pretrain
4420,pretrain
742,pretrain
1748,pretrain
3829,pretrain
983,pretrain
1236,pretrain
2311,pretrain
4368,pretrain
4639,pretrain
4122,pretrain
1374,pretrain
791,pretrain
5705,pretrain
1986,pretrain
1909,pretrain
6048,pretrain
3359,pretrain
2507,pretrain
2894,pretrain
1786,pretrain
3136,pretrain
1795,pretrain
4797,pretrain
1543,pretrain
967,pretrain
696,pretrain
1535,pretrain
4726,pretrain
6326,pretrain
149,pretrain
2223,pretrain
1735,pretrain
609,pretrain
3251,pretrain
4330,pretrain
1489,pretrain
3484,pretrain
5899,pretrain
3393,pretrain
1942,pretrain
3329,pretrain
2053,pretrain
1080,pretrain
3523,pretrain
5417,pretrain
3343,pretrain
1878,pretrain
343,pretrain
3457,pretrain
862,pretrain
1399,pretrain
615,pretrain
987,pretrain
3965,pretrain
1367,pretrain
1188,pretrain
5073,pretrain
1962,pretrain
5676,pretrain
3084,pretrain
1562,pretrain
6262,pretrain
52,pretrain
3274,pretrain
2299,pretrain
3954,pretrain
1588,pretrain
4010,pretrain
2731,pretrain
2783,pretrain
168,pretrain
137,pretrain
3287,pretrain
5200,pretrain
2642,pretrain
2111,pretrain
4143,pretrain
6322,pretrain
5890,pretrain
2561,pretrain
25,pretrain
5095,pretrain
3606,pretrain
4800,pretrain
1662,pretrain
4845,pretrain
4667,pretrain
4311,pretrain
2851,pretrain
4556,pretrain
3148,pretrain
847,pretrain
2419,pretrain
5814,pretrain
1753,pretrain
3773,pretrain
4717,pretrain
2758,pretrain
2605,pretrain
1574,pretrain
3905,pretrain
3392,pretrain
3312,pretrain
4789,pretrain
308,pretrain
4909,pretrain
5196,pretrain
571,pretrain
2655,pretrain
3338,pretrain
2606,pretrain
5925,pretrain
6029,pretrain
886,pretrain
4202,pretrain
1550,pretrain
1706,pretrain
1275,pretrain
5989,pretrain
2619,pretrain
2945,pretrain
6041,pretrain
269,pretrain
5448,pretrain
3878,pretrain
1883,pretrain
1668,pretrain
733,pretrain
33,pretrain
5830,pretrain
2399,pretrain
3031,pretrain
5410,pretrain
413,pretrain
6315,pretrain
3726,pretrain
6032,pretrain
5091,pretrain
5942,pretrain
287,pretrain
2138,pretrain
4904,pretrain
3558,pretrain
6044,pretrain
5381,pretrain
4632,pretrain
4749,pretrain
2732,pretrain
2654,pretrain
5577,pretrain
4920,pretrain
1097,pretrain
3918,pretrain
2149,pretrain
4957,pretrain
3376,pretrain
2671,pretrain
2016,pretrain
4673,pretrain
3332,pretrain
5111,pretrain
1572,pretrain
5096,pretrain
3758,pretrain
5556,pretrain
3335,pretrain
1963,pretrain
2570,pretrain
504,pretrain
1807,pretrain
2275,pretrain
1938,pretrain
2975,pretrain
276,pretrain
169,pretrain
3493,pretrain
5917,pretrain
4496,pretrain
5309,pretrain
4634,pretrain
144,pretrain
3361,pretrain
1145,pretrain
2008,pretrain
4034,pretrain
5502,pretrain
143,pretrain
1734,pretrain
4283,pretrain
1055,pretrain
816,pretrain
995,pretrain
1934,pretrain
4327,pretrain
447,pretrain
5581,pretrain
3468,pretrain
5643,pretrain
3402,pretrain
2161,pretrain
3668,pretrain
992,pretrain
307,pretrain
94,pretrain
1015,pretrain
1115,pretrain
1450,pretrain
1757,pretrain
3988,pretrain
2464,pretrain
1791,pretrain
1383,pretrain
1425,pretrain
3458,pretrain
523,pretrain
3095,pretrain
885,pretrain
2819,pretrain
1914,pretrain
4091,pretrain
4589,pretrain
364,pretrain
2658,pretrain
6216,pretrain
3340,pretrain
6132,pretrain
505,pretrain
2009,pretrain
5579,pretrain
5287,pretrain
434,pretrain
1547,pretrain
5717,pretrain
3605,pretrain
1652,pretrain
1627,pretrain
2343,pretrain
16,pretrain
3208,pretrain
3838,pretrain
2721,pretrain
716,pretrain
541,pretrain
5114,pretrain
47,pretrain
2780,pretrain
4592,pretrain
2401,pretrain
2948,pretrain
4238,pretrain
18,pretrain
4782,pretrain
1490,pretrain
166,pretrain
4838,pretrain
3334,pretrain
3761,pretrain
1597,pretrain
4444,pretrain
5683,pretrain
3930,pretrain
4095,pretrain
4192,pretrain
2763,pretrain
3820,pretrain
3703,pretrain
4918,pretrain
3487,pretrain
1477,pretrain
1304,pretrain
3258,pretrain
3848,pretrain
3882,pretrain
5509,pretrain
655,pretrain
2889,pretrain
1700,pretrain
6242,pretrain
3297,pretrain
4641,pretrain
5484,pretrain
1153,pretrain
3648,pretrain
946,pretrain
2581,pretrain
3630,pretrain
6245,pretrain
6318,pretrain
6215,pretrain
2865,pretrain
1821,pretrain
1135,pretrain
6115,pretrain
293,pretrain
1667,pretrain
2024,pretrain
1544,pretrain
6097,pretrain
1495,pretrain
3985,pretrain
1675,pretrain
124,pretrain
1596,pretrain
1469,pretrain
88,pretrain
3139,pretrain
1198,pretrain
5545,pretrain
4126,pretrain
5501,pretrain
85,pretrain
3045,pretrain
4523,pretrain
3382,pretrain
1658,pretrain
2014,pretrain
3118,pretrain
2864,pretrain
1979,pretrain
4428,pretrain
2422,pretrain
73,pretrain
1549,pretrain
1900,pretrain
3022,pretrain
3576,pretrain
4740,pretrain
4201,pretrain
1076,pretrain
6122,pretrain
3961,pretrain
2847,pretrain
5456,pretrain
2643,pretrain
5768,pretrain
759,pretrain
1143,pretrain
1993,pretrain
6267,pretrain
721,pretrain
5115,pretrain
6259,pretrain
5444,pretrain
632,pretrain
5169,pretrain
4175,pretrain
5773,pretrain
1458,pretrain
5294,pretrain
4790,pretrain
3947,pretrain
6291,pretrain
3138,pretrain
6026,pretrain
1400,pretrain
5026,pretrain
525,pretrain
2955,pretrain
2020,pretrain
5747,pretrain
922,pretrain
17,pretrain
3156,pretrain
452,pretrain
3532,pretrain
1638,pretrain
2136,pretrain
5290,pretrain
2716,pretrain
6235,pretrain
4097,pretrain
1136,pretrain
2600,pretrain
1405,pretrain
877,pretrain
5418,pretrain
3370,pretrain
4598,pretrain
3169,pretrain
3956,pretrain
3782,pretrain
6150,pretrain
3789,pretrain
2547,pretrain
1449,pretrain
4798,pretrain
840,pretrain
4582,pretrain
2374,pretrain
1471,pretrain
3849,pretrain
5158,pretrain
2666,pretrain
5645,pretrain
1643,pretrain
2678,pretrain
278,pretrain
1932,pretrain
4340,pretrain
2125,pretrain
484,pretrain
2437,pretrain
4130,pretrain
1103,pretrain
5007,pretrain
5423,pretrain
2571,pretrain
5321,pretrain
1175,pretrain
5537,pretrain
1868,pretrain
4713,pretrain
2697,pretrain
5239,pretrain
32,pretrain
3735,pretrain
5411,pretrain
5493,pretrain
2917,pretrain
640,pretrain
3539,pretrain
6036,pretrain
775,pretrain
1949,pretrain
3087,pretrain
4857,pretrain
9,pretrain
5308,pretrain
3787,pretrain
19,pretrain
1148,pretrain
2337,pretrain
1445,pretrain
2190,pretrain
4612,pretrain
5627,pretrain
5754,pretrain
2850,pretrain
5317,pretrain
888,pretrain
694,pretrain
3943,pretrain
1975,pretrain
4854,pretrain
1666,pretrain
4284,pretrain
3170,pretrain
897,pretrain
3326,pretrain
1708,pretrain
1973,pretrain
5454,pretrain
4541,pretrain
481,pretrain
3088,pretrain
4404,pretrain
4417,pretrain
2449,pretrain
3938,pretrain
2626,pretrain
3093,pretrain
5740,pretrain
2372,pretrain
577,pretrain
427,pretrain
2294,pretrain
101,pretrain
3581,pretrain
4441,pretrain
970,pretrain
6141,pretrain
1879,pretrain
6337,pretrain
4030,pretrain
3059,pretrain
2996,pretrain
111,pretrain
4241,pretrain
6055,pretrain
4314,pretrain
4139,pretrain
241,pretrain
395,pretrain
1903,pretrain
390,pretrain
4346,pretrain
8,pretrain
4600,pretrain
3524,pretrain
4945,pretrain
960,pretrain
2526,pretrain
1729,pretrain
158,pretrain
4424,pretrain
535,pretrain
2485,pretrain
3975,pretrain
4026,pretrain
3423,pretrain
622,pretrain
2979,pretrain
3015,pretrain
3779,pretrain
5183,pretrain
2457,pretrain
1438,pretrain
1784,pretrain
4299,pretrain
1071,pretrain
2258,pretrain
3242,pretrain
5080,pretrain
3079,pretrain
5488,pretrain
3718,pretrain
4453,pretrain
3319,pretrain
6292,pretrain
5807,pretrain
6156,pretrain
5051,pretrain
4784,pretrain
3865,pretrain
2480,pretrain
5821,pretrain
405,pretrain
79,pretrain
5809,pretrain
1033,pretrain
623,pretrain
1226,pretrain
3795,pretrain
4596,pretrain
5163,pretrain
4009,pretrain
3081,pretrain
4455,pretrain
544,pretrain
3987,pretrain
5292,pretrain
1664,pretrain
1326,pretrain
1835,pretrain
2663,pretrain
362,pretrain
4183,pretrain
6314,pretrain
3582,pretrain
5606,pretrain
1933,pretrain
991,pretrain
5066,pretrain
5702,pretrain
1454,pretrain
4933,pretrain
1322,pretrain
4837,pretrain
4152,pretrain
5741,pretrain
4082,pretrain
2166,pretrain
556,pretrain
5458,pretrain
6269,pretrain
2427,pretrain
2773,pretrain
3327,pretrain
3970,pretrain
553,pretrain
4989,pretrain
4594,pretrain
6204,pretrain
5939,pretrain
5237,pretrain
363,pretrain
3866,pretrain
3029,pretrain
2148,pretrain
3781,pretrain
3107,pretrain
1339,pretrain
2006,pretrain
5278,pretrain
3517,pretrain
3345,pretrain
5874,pretrain
3098,pretrain
2621,pretrain
2590,pretrain
5708,pretrain
6013,pretrain
197,pretrain
3360,pretrain
2087,pretrain
4981,pretrain
1800,pretrain
6127,pretrain
3872,pretrain
2797,pretrain
1321,pretrain
595,pretrain
5835,pretrain
5006,pretrain
3201,pretrain
1824,pretrain
2927,pretrain
5566,pretrain
6038,pretrain
3016,pretrain
3206,pretrain
240,pretrain
5998,pretrain
3585,pretrain
1384,pretrain
4665,pretrain
734,pretrain
1943,pretrain
1533,pretrain
3662,pretrain
6099,pretrain
4405,pretrain
5012,pretrain
854,pretrain
5442,pretrain
916,pretrain
3407,pretrain
3092,pretrain
5993,pretrain
4370,pretrain
2260,pretrain
1680,pretrain
3635,pretrain
1841,pretrain
4911,pretrain
657,pretrain
5013,pretrain
2001,pretrain
1990,pretrain
5718,pretrain
4301,pretrain
2787,pretrain
1618,pretrain
3447,pretrain
5538,pretrain
2490,pretrain
6331,pretrain
1494,pretrain
1787,pretrain
834,pretrain
2469,pretrain
3739,pretrain
1168,pretrain
4780,pretrain
6057,pretrain
5125,pretrain
569,pretrain
1707,pretrain
2747,pretrain
3161,pretrain
3144,pretrain
3145,pretrain
4035,pretrain
4416,pretrain
3617,pretrain
1393,pretrain
648,pretrain
4246,pretrain
3450,pretrain
5800,pretrain
2538,pretrain
4615,pretrain
2615,pretrain
436,pretrain
4178,pretrain
5988,pretrain
38,pretrain
5653,pretrain
2698,pretrain
5320,pretrain
3704,pretrain
4697,pretrain
2991,pretrain
3738,pretrain
4564,pretrain
5777,pretrain
4471,pretrain
4488,pretrain
3246,pretrain
6136,pretrain
2409,pretrain
6119,pretrain
5766,pretrain
1972,pretrain
4663,pretrain
1636,pretrain
2390,pretrain
2692,pretrain
772,pretrain
4623,pretrain
2062,pretrain
6005,pretrain
1989,pretrain
5954,pretrain
1392,pretrain
2781,pretrain
2778,pretrain
2363,pretrain
5261,pretrain
5886,pretrain
407,pretrain
3191,pretrain
512,pretrain
2725,pretrain
336,pretrain
4037,pretrain
1161,pretrain
682,pretrain
6340,pretrain
860,pretrain
1945,pretrain
776,pretrain
4688,pretrain
4753,pretrain
4240,pretrain
5650,pretrain
5720,pretrain
994,pretrain
3066,pretrain
1741,pretrain
2958,pretrain
3337,pretrain
5760,pretrain
5861,pretrain
281,pretrain
2188,pretrain
5224,pretrain
5519,pretrain
431,pretrain
4137,pretrain
1141,pretrain
743,pretrain
4966,pretrain
717,pretrain
6224,pretrain
2718,pretrain
5940,pretrain
3887,pretrain
5682,pretrain
2647,pretrain
852,pretrain
71,pretrain
2712,pretrain
4603,pretrain
6178,pretrain
2754,pretrain
3245,pretrain
2701,pretrain
1294,pretrain
442,pretrain
4675,pretrain
6220,pretrain
4545,pretrain
217,pretrain
628,pretrain
4448,pretrain
6190,pretrain
2193,pretrain
5116,pretrain
3472,pretrain
2559,pretrain
202,pretrain
1641,pretrain
2746,pretrain
1991,pretrain
1892,pretrain
530,pretrain
4683,pretrain
2377,pretrain
3950,pretrain
1354,pretrain
5930,pretrain
3232,pretrain
3946,pretrain
2429,pretrain
506,pretrain
0,pretrain
2424,pretrain
2589,pretrain
3595,pretrain
3711,pretrain
4881,pretrain
5137,pretrain
3231,pretrain
5342,pretrain
2937,pretrain
1105,pretrain
1856,pretrain
5451,pretrain
2385,pretrain
545,pretrain
3121,pretrain
3880,pretrain
1701,pretrain
1765,pretrain
1612,pretrain
1296,pretrain
1740,pretrain
1583,pretrain
129,pretrain
4447,pretrain
905,pretrain
1370,pretrain
2952,pretrain
6328,pretrain
1290,pretrain
6209,pretrain
77,pretrain
5764,pretrain
6167,pretrain
2767,pretrain
5443,pretrain
5663,pretrain
5157,pretrain
1242,pretrain
557,pretrain
3017,pretrain
4897,pretrain
1084,pretrain
2077,pretrain
1411,pretrain
5572,pretrain
935,pretrain
5634,pretrain
5193,pretrain
3008,pretrain
5791,pretrain
6305,pretrain
5928,pretrain
5390,pretrain
2595,pretrain
1387,pretrain
2994,pretrain
1041,pretrain
873,pretrain
50,pretrain
534,pretrain
3074,pretrain
3267,pretrain
5693,pretrain
4497,pretrain
4776,pretrain
6180,pretrain
3020,pretrain
3734,pretrain
5284,pretrain
247,pretrain
11,pretrain
5379,pretrain
5022,pretrain
3429,pretrain
1402,pretrain
1111,pretrain
4723,pretrain
573,pretrain
5387,pretrain
3295,pretrain
1580,pretrain
3680,pretrain
2218,pretrain
881,pretrain
2247,pretrain
5578,pretrain
1164,pretrain
2677,pretrain
6063,pretrain
208,pretrain
4599,pretrain
3027,pretrain
1628,pretrain
348,pretrain
3235,pretrain
4244,pretrain
5644,pretrain
924,pretrain
5651,pretrain
4648,pretrain
1502,pretrain
4536,pretrain
3362,pretrain
4605,pretrain
5214,pretrain
355,pretrain
4662,pretrain
671,pretrain
1394,pretrain
4578,pretrain
4104,pretrain
1204,pretrain
164,pretrain
773,pretrain
921,pretrain
4132,pretrain
2240,pretrain
6334,pretrain
1088,pretrain
1602,pretrain
5871,pretrain
3071,pretrain
2305,pretrain
4876,pretrain
4191,pretrain
350,pretrain
6138,pretrain
339,pretrain
5233,pretrain
1805,pretrain
2489,pretrain
1862,pretrain
3200,pretrain
4595,pretrain
3713,pretrain
1376,pretrain
2792,pretrain
3618,pretrain
2636,pretrain
5704,pretrain
1351,pretrain
6282,pretrain
4485,pretrain
1585,pretrain
5751,pretrain
2599,pretrain
1869,pretrain
3863,pretrain
4828,pretrain
5867,pretrain
2515,pretrain
769,pretrain
2173,pretrain
3303,pretrain
5539,pretrain
5472,pretrain
848,pretrain
1828,pretrain
1810,pretrain
3174,pretrain
5776,pretrain
5389,pretrain
3090,pretrain
2848,pretrain
5956,pretrain
2281,pretrain
4285,pretrain
4452,pretrain
3676,pretrain
4081,pretrain
4253,pretrain
1768,pretrain
2099,pretrain
4264,pretrain
4562,pretrain
790,pretrain
4459,pretrain
4871,pretrain
1301,pretrain
5383,pretrain
4213,pretrain
4846,pretrain
4025,pretrain
222,pretrain
6168,pretrain
4672,pretrain
345,pretrain
4770,pretrain
3049,pretrain
5220,pretrain
2214,pretrain
1994,pretrain
6185,pretrain
3406,pretrain
2743,pretrain
516,pretrain
453,pretrain
3184,pretrain
1919,pretrain
1185,pretrain
196,pretrain
2175,pretrain
2191,pretrain
1308,pretrain
594,pretrain
2880,pretrain
1598,pretrain
5301,pretrain
1160,pretrain
4367,pretrain
1453,pretrain
235,pretrain
3626,pretrain
2637,pretrain
483,pretrain
1244,pretrain
187,pretrain
1241,pretrain
4134,pretrain
5734,pretrain
108,pretrain
591,pretrain
4861,pretrain
2511,pretrain
2680,pretrain
3061,pretrain
3284,pretrain
3690,pretrain
3823,pretrain
718,pretrain
5792,pretrain
5140,pretrain
4023,pretrain
1441,pretrain
5783,pretrain
1631,pretrain
3463,pretrain
273,pretrain
3248,pretrain
2187,pretrain
3355,pretrain
2583,pretrain
3786,pretrain
2,pretrain
1654,pretrain
1184,pretrain
477,pretrain
720,pretrain
3461,pretrain
5027,pretrain
106,pretrain
406,pretrain
2392,pretrain
3791,pretrain
4466,pretrain
4919,pretrain
231,pretrain
433,pretrain
1771,pretrain
502,pretrain
1057,pretrain
4916,pretrain
3563,pretrain
5984,pretrain
4480,pretrain
1727,pretrain
2539,pretrain
4248,pretrain
4339,pretrain
2750,pretrain
4003,pretrain
3652,pretrain
1873,pretrain
510,pretrain
1724,pretrain
5822,pretrain
3697,pretrain
3895,pretrain
5668,pretrain
3117,pretrain
3440,pretrain
4136,pretrain
3637,pretrain
2126,pretrain
3291,pretrain
5652,pretrain
698,pretrain
5562,pretrain
398,pretrain
140,pretrain
2339,pretrain
6012,pretrain
1564,pretrain
4651,pretrain
521,pretrain
4089,pretrain
1660,pretrain
5,pretrain
656,pretrain
2844,pretrain
5931,pretrain
2799,pretrain
5913,pretrain
1433,pretrain
3972,pretrain
1742,pretrain
2455,pretrain
1857,pretrain
1732,pretrain
1528,pretrain
5470,pretrain
3659,pretrain
3142,pretrain
4387,pretrain
5425,pretrain
1440,pretrain
5684,pretrain
4777,pretrain
654,pretrain
5640,pretrain
3811,pretrain
5323,pretrain
5365,pretrain
1333,pretrain
6037,pretrain
2970,pretrain
4779,pretrain
552,pretrain
814,pretrain
3506,pretrain
1867,pretrain
5076,pretrain
2550,pretrain
386,pretrain
3282,pretrain
4483,pretrain
5179,pretrain
42,pretrain
1192,pretrain
917,pretrain
5075,pretrain
4103,pretrain
3818,pretrain
4832,pretrain
3220,pretrain
3788,pretrain
3677,pretrain
3640,pretrain
2947,pretrain
4831,pretrain
6104,pretrain
732,pretrain
2329,pretrain
4591,pretrain
1794,pretrain
4805,pretrain
859,pretrain
267,pretrain
2301,pretrain
5490,pretrain
6281,pretrain
782,pretrain
6254,pretrain
5813,pretrain
3490,pretrain
3801,pretrain
3318,pretrain
3931,pretrain
5500,pretrain
6098,pretrain
2682,pretrain
5474,pretrain
6054,pretrain
3727,pretrain
5129,pretrain
62,pretrain
3638,pretrain
5048,pretrain
3137,pretrain
3751,pretrain
3660,pretrain
4787,pretrain
3855,pretrain
1250,pretrain
277,pretrain
5441,pretrain
221,pretrain
2397,pretrain
912,pretrain
5794,pretrain
2354,pretrain
2426,pretrain
739,pretrain
3944,pretrain
3205,pretrain
3239,pretrain
4685,pretrain
2205,pretrain
6171,pretrain
6068,pretrain
4498,pretrain
2229,pretrain
6297,pretrain
3283,pretrain
2694,pretrain
3695,pretrain
3427,pretrain
27,pretrain
1215,pretrain
745,pretrain
2861,pretrain
4451,pretrain
3653,pretrain
5152,pretrain
388,pretrain
416,pretrain
4282,pretrain
933,pretrain
2532,pretrain
63,pretrain
4534,pretrain
2206,pretrain
5875,pretrain
4735,pretrain
1359,pretrain
1021,pretrain
1951,pretrain
1750,pretrain
774,pretrain
906,pretrain
1302,pretrain
5692,pretrain
5227,pretrain
5975,pretrain
3038,pretrain
1825,pretrain
2043,pretrain
4120,pretrain
4862,pretrain
4529,pretrain
1924,pretrain
513,pretrain
285,pretrain
4187,pretrain
5192,pretrain
667,pretrain
4061,pretrain
5889,pretrain
932,pretrain
6164,pretrain
4925,pretrain
1704,pretrain
4412,pretrain
6248,pretrain
5202,pretrain
342,pretrain
3324,pretrain
3633,pretrain
1686,pretrain
621,pretrain
1789,pretrain
2348,pretrain
5698,pretrain
5617,pretrain
5878,pretrain
5594,pretrain
3548,pretrain
4778,pretrain
2882,pretrain
2467,pretrain
5277,pretrain
1803,pretrain
1368,pretrain
5010,pretrain
5074,pretrain
2818,pretrain
2691,pretrain
6333,pretrain
3876,pretrain
12,pretrain
4326,pretrain
2356,pretrain
708,pretrain
2049,pretrain
2318,pretrain
5018,pretrain
393,pretrain
5523,pretrain
6083,pretrain
2102,pretrain
6279,pretrain
4151,pretrain
699,pretrain
625,pretrain
4269,pretrain
4996,pretrain
2740,pretrain
2684,pretrain
5057,pretrain
1176,pretrain
3769,pretrain
1281,pretrain
2225,pretrain
1329,pretrain
5064,pretrain
879,pretrain
2278,pretrain
2140,pretrain
3832,pretrain
2072,pretrain
90,pretrain
1653,pretrain
3709,pretrain
494,pretrain
812,pretrain
4932,pretrain
3669,pretrain
838,pretrain
132,pretrain
4245,pretrain
2825,pretrain
4772,pretrain
3003,pretrain
2417,pretrain
1592,pretrain
1089,pretrain
5958,pretrain
5257,pretrain
3159,pretrain
4018,pretrain
818,pretrain
1092,pretrain
3645,pretrain
5361,pretrain
1953,pretrain
589,pretrain
5811,pretrain
3910,pretrain
1202,pretrain
4359,pretrain
43,pretrain
3966,pretrain
3411,pretrain
4870,pretrain
6095,pretrain
4033,pretrain
5655,pretrain
2207,pretrain
5710,pretrain
5130,pretrain
1619,pretrain
4708,pretrain
4552,pretrain
2220,pretrain
2379,pretrain
1044,pretrain
2675,pretrain
2368,pretrain
2257,pretrain
5786,pretrain
5189,pretrain
3634,pretrain
5996,pretrain
2351,pretrain
3715,pretrain
5461,pretrain
298,pretrain
2722,pretrain
2249,pretrain
6249,pretrain
133,pretrain
4214,pretrain
153,pretrain
5313,pretrain
1058,pretrain
4168,pretrain
1157,pretrain
4382,pretrain
1251,pretrain
4115,pretrain
5607,pretrain
5256,pretrain
5428,pretrain
1012,pretrain
6277,pretrain
4456,pretrain
2491,pretrain
1309,pretrain
5885,pretrain
4657,pretrain
2178,pretrain
1524,pretrain
5216,pretrain
3737,pretrain
3835,pretrain
1263,pretrain
2154,pretrain
1780,pretrain
3294,pretrain
1898,pretrain
763,pretrain
3508,pretrain
890,pretrain
2233,pretrain
1738,pretrain
3459,pretrain
1003,pretrain
3644,pretrain
4731,pretrain
1997,pretrain
617,pretrain
2899,pretrain
1747,pretrain
1156,pretrain
139,pretrain
3422,pretrain
1074,pretrain
5457,pretrain
5873,pretrain
831,pretrain
5559,pretrain
624,pretrain
5316,pretrain
107,pretrain
5382,pretrain
895,pretrain
4329,pretrain
1960,pretrain
6213,pretrain
5744,pretrain
1766,pretrain
707,pretrain
3899,pretrain
110,pretrain
2242,pretrain
5547,pretrain
2254,pretrain
2369,pretrain
3058,pretrain
496,pretrain
713,pretrain
4105,pretrain
2345,pretrain
2546,pretrain
3149,pretrain
1397,pretrain
444,pretrain
1342,pretrain
5175,pretrain
4250,pretrain
3816,pretrain
492,pretrain
1395,pretrain
2201,pretrain
2121,pretrain
1743,pretrain
4859,pretrain
3732,pretrain
3833,pretrain
1976,pretrain
2891,pretrain
3385,pretrain
5834,pretrain
5599,pretrain
4757,pretrain
1678,pretrain
1725,pretrain
1152,pretrain
4490,pretrain
5245,pretrain
5622,pretrain
2217,pretrain
2614,pretrain
290,pretrain
154,pretrain
4514,pretrain
321,pretrain
5421,pretrain
4196,pretrain
4984,pretrain
4307,pretrain
165,pretrain
6332,pretrain
2503,pretrain
6188,pretrain
1167,pretrain
5368,pretrain
1043,pretrain
3278,pretrain
4272,pretrain
3692,pretrain
4614,pretrain
582,pretrain
5065,pretrain
4399,pretrain
1059,pretrain
5432,pretrain
171,pretrain
4574,pretrain
5406,pretrain
424,pretrain
3530,pretrain
1730,pretrain
5824,pretrain
56,pretrain
142,pretrain
2269,pretrain
3793,pretrain
6250,pretrain
3036,pretrain
1355,pretrain
5020,pretrain
2129,pretrain
322,pretrain
2477,pretrain
5838,pretrain
3552,pretrain
3840,pretrain
2980,pretrain
2282,pretrain
1659,pretrain
1506,pretrain
2699,pretrain
666,pretrain
6192,pretrain
5870,pretrain
3885,pretrain
1361,pretrain
4197,pretrain
3687,pretrain
1679,pretrain
6117,pretrain
3932,pretrain
3752,pretrain
3480,pretrain
3069,pretrain
747,pretrain
4357,pretrain
663,pretrain
5573,pretrain
2158,pretrain
3129,pretrain
5575,pretrain
3501,pretrain
4563,pretrain
4492,pretrain
939,pretrain
2332,pretrain
2667,pretrain
2659,pretrain
1521,pretrain
5351,pretrain
6110,pretrain
227,pretrain
1155,pretrain
2665,pretrain
4076,pretrain
4609,pretrain
6071,pretrain
1859,pretrain
5961,pretrain
4715,pretrain
1062,pretrain
4704,pretrain
192,pretrain
4692,pretrain
752,pretrain
1,pretrain
4975,pretrain
3714,pretrain
3587,pretrain
4705,pretrain
3629,pretrain
1177,pretrain
5746,pretrain
5806,pretrain
5303,pretrain
3228,pretrain
4482,pretrain
316,pretrain
2393,pretrain
882,pretrain
4118,pretrain
1717,pretrain
1682,pretrain
3377,pretrain
2976,pretrain
6233,pretrain
4508,pretrain
4613,pretrain
2177,pretrain
5872,pretrain
1474,pretrain
643,pretrain
2279,pretrain
3366,pretrain
2552,pretrain
4288,pretrain
3815,pretrain
2916,pretrain
5596,pretrain
6285,pretrain
2132,pretrain
3686,pretrain
497,pretrain
4738,pretrain
5479,pretrain
2314,pretrain
2347,pretrain
1846,pretrain
3794,pretrain
616,pretrain
4312,pretrain
1311,pretrain
3108,pretrain
1839,pretrain
3666,pretrain
4539,pretrain
5483,pretrain
4689,pretrain
6145,pretrain
3290,pretrain
5965,pretrain
4111,pretrain
6118,pretrain
2506,pretrain
163,pretrain
3945,pretrain
1783,pretrain
1758,pretrain
3831,pretrain
1790,pretrain
4751,pretrain
5070,pretrain
5933,pretrain
3928,pretrain
1465,pretrain
907,pretrain
3350,pretrain
2960,pretrain
1517,pretrain
4951,pretrain
4808,pretrain
3667,pretrain
275,pretrain
1031,pretrain
2879,pretrain
3671,pretrain
2978,pretrain
6073,pretrain
2903,pretrain
2829,pretrain
3615,pretrain
3381,pretrain
3289,pretrain
3763,pretrain
1683,pretrain
6246,pretrain
1330,pretrain
2770,pretrain
2540,pretrain
3313,pretrain
3993,pretrain
2906,pretrain
2189,pretrain
6045,pretrain
6226,pretrain
3311,pretrain
5255,pretrain
2065,pretrain
4875,pretrain
4071,pretrain
6034,pretrain
5900,pretrain
2230,pretrain
3814,pretrain
3764,pretrain
3070,pretrain
4074,pretrain
4835,pretrain
2194,pretrain
5739,pretrain
2443,pretrain
5419,pretrain
347,pretrain
4652,pretrain
5706,pretrain
3387,pretrain
5932,pretrain
5167,pretrain
5025,pretrain
3953,pretrain
4499,pretrain
4561,pretrain
205,pretrain
1246,pretrain
4950,pretrain
1964,pretrain
5789,pretrain
6169,pretrain
5108,pretrain
2018,pretrain
2580,pretrain
1295,pretrain
1001,pretrain
5992,pretrain
4686,pretrain
5799,pretrain
176,pretrain
1840,pretrain
760,pretrain
4811,pretrain
629,pretrain
6200,pretrain
389,pretrain
470,pretrain
5273,pretrain
3694,pretrain
1358,pretrain
4411,pretrain
1587,pretrain
6176,pretrain
3281,pretrain
2871,pretrain
6112,pretrain
1559,pretrain
2274,pretrain
1267,pretrain
1340,pretrain
3984,pretrain
5353,pretrain
5686,pretrain
49,pretrain
2089,pretrain
3496,pretrain
2238,pretrain
313,pretrain
5172,pretrain
3398,pretrain
697,pretrain
3428,pretrain
3942,pretrain
314,pretrain
5243,pretrain
4008,pretrain
5911,pretrain
6310,pretrain
3603,pretrain
2859,pretrain
4795,pretrain
2492,pretrain
1341,pretrain
4107,pretrain
1314,pretrain
903,pretrain
491,pretrain
353,pretrain
3444,pretrain
4760,pretrain
4583,pretrain
2176,pretrain
2046,pretrain
3588,pretrain
876,pretrain
1009,pretrain
3299,pretrain
5307,pretrain
567,pretrain
1519,pretrain
304,pretrain
3674,pretrain
5099,pretrain
3280,pretrain
1121,pretrain
1850,pretrain
2807,pretrain
3555,pretrain
1955,pretrain
2135,pretrain
5314,pretrain
2025,pretrain
5847,pretrain
2322,pretrain
4858,pretrain
4343,pretrain
2938,pretrain
499,pretrain
4604,pretrain
2252,pretrain
3434,pretrain
4917,pretrain
3272,pretrain
3619,pretrain
2288,pretrain
1053,pretrain
3219,pretrain
161,pretrain
2430,pretrain
4500,pretrain
5497,pretrain
4328,pretrain
4839,pretrain
2673,pretrain
1677,pretrain
2054,pretrain
6270,pretrain
2964,pretrain
1832,pretrain
2153,pretrain
5041,pretrain
3759,pretrain
5071,pretrain
4163,pretrain
1785,pretrain
3912,pretrain
5815,pretrain
1820,pretrain
4912,pretrain
2367,pretrain
5467,pretrain
2120,pretrain
5375,pretrain
1532,pretrain
4586,pretrain
2123,pretrain
1512,pretrain
2759,pretrain
2967,pretrain
2664,pretrain
2604,pretrain
472,pretrain
4961,pretrain
796,pretrain
468,pretrain
3907,pretrain
1762,pretrain
4788,pretrain
6184,pretrain
5039,pretrain
45,pretrain
2448,pretrain
4342,pretrain
3768,pretrain
4121,pretrain
6307,pretrain
4014,pretrain
4390,pretrain
4021,pretrain
1516,pretrain
850,pretrain
3348,pretrain
714,pretrain
642,pretrain
5785,pretrain
365,pretrain
74,pretrain
668,pretrain
1214,pretrain
4336,pretrain
2501,pretrain
2296,pretrain
5877,pretrain
4110,pretrain
726,pretrain
4695,pretrain
3470,pretrain
913,pretrain
4439,pretrain
3500,pretrain
4922,pretrain
1946,pretrain
559,pretrain
46,pretrain
5453,pretrain
4879,pretrain
5221,pretrain
3162,pretrain
1369,pretrain
76,pretrain
4978,pretrain
5036,pretrain
2562,pretrain
900,pretrain
1573,pretrain
5148,pretrain
4167,pretrain
4759,pretrain
5209,pretrain
3598,pretrain
1017,pretrain
6321,pretrain
758,pretrain
572,pretrain
5953,pretrain
1073,pretrain
4050,pretrain
1426,pretrain
5263,pretrain
5936,pretrain
804,pretrain
3996,pretrain
6001,pretrain
2320,pretrain
4521,pretrain
3919,pretrain
3513,pretrain
3124,pretrain
1815,pretrain
3486,pretrain
6179,pretrain
5517,pretrain
4341,pretrain
1427,pretrain
1318,pretrain
3384,pretrain
904,pretrain
1245,pretrain
4885,pretrain
4233,pretrain
4045,pretrain
3046,pretrain
4332,pretrain
5604,pretrain
5046,pretrain
3526,pretrain
2050,pretrain
3983,pretrain
4333,pretrain
1430,pretrain
3346,pretrain
4215,pretrain
5533,pretrain
3852,pretrain
865,pretrain
4867,pretrain
5008,pretrain
2931,pretrain
2796,pretrain
949,pretrain
1372,pretrain
619,pretrain
1772,pretrain
2998,pretrain
462,pretrain
2633,pretrain
1534,pretrain
457,pretrain
6261,pretrain
200,pretrain
6266,pretrain
4656,pretrain
1756,pretrain
3785,pretrain
4669,pretrain
6197,pretrain
2543,pretrain
821,pretrain
1391,pretrain
1600,pretrain
1299,pretrain
2901,pretrain
5561,pretrain
6086,pretrain
5528,pretrain
5892,pretrain
1718,pretrain
5210,pretrain
5465,pretrain
2849,pretrain
2782,pretrain
6006,pretrain
2635,pretrain
4611,pretrain
6283,pretrain
3505,pretrain
3597,pretrain
1749,pretrain
5296,pretrain
5840,pretrain
1272,pretrain
4078,pretrain
4302,pretrain
1698,pretrain
4702,pretrain
4300,pretrain
2737,pretrain
4575,pretrain
3915,pretrain
4535,pretrain
1158,pretrain
3014,pretrain
3830,pretrain
2315,pretrain
5077,pretrain
5513,pretrain
4944,pretrain
2734,pretrain
4730,pretrain
2059,pretrain
2651,pretrain
5078,pretrain
2465,pretrain
3285,pretrain
4830,pretrain
361,pretrain
5530,pretrain
1276,pretrain
3269,pretrain
70,pretrain
5688,pretrain
1777,pretrain
5386,pretrain
288,pretrain
4205,pretrain
4317,pretrain
3152,pretrain
1870,pretrain
3454,pretrain
1413,pretrain
4224,pretrain
188,pretrain
2928,pretrain
2565,pretrain
3821,pretrain
936,pretrain
6344,pretrain
1833,pretrain
1085,pretrain
2541,pretrain
2447,pretrain
786,pretrain
5330,pretrain
3439,pretrain
195,pretrain
4065,pretrain
950,pretrain
1181,pretrain
2212,pretrain
5748,pretrain
4274,pretrain
40,pretrain
2525,pretrain
2167,pretrain
2742,pretrain
822,pretrain
4231,pretrain
3276,pretrain
330,pretrain
1386,pretrain
711,pretrain
219,pretrain
1518,pretrain
2653,pretrain
3593,pretrain
3203,pretrain
1611,pretrain
3608,pretrain
605,pretrain
4295,pretrain
1603,pretrain
6172,pretrain
722,pretrain
1776,pretrain
2558,pretrain
5219,pretrain
1687,pretrain
2920,pretrain
5226,pretrain
3926,pretrain
385,pretrain
5929,pretrain
2772,pretrain
3685,pretrain
5460,pretrain
1353,pretrain
687,pretrain
3949,pretrain
310,pretrain
948,pretrain
1891,pretrain
601,pretrain
6304,pretrain
1978,pretrain
1551,pretrain
5240,pretrain
1966,pretrain
485,pretrain
5199,pretrain
5609,pretrain
1476,pretrain
6053,pretrain
4952,pretrain
213,pretrain
2530,pretrain
4507,pretrain
6088,pretrain
1194,pretrain
4476,pretrain
4736,pretrain
748,pretrain
4972,pretrain
3155,pretrain
4694,pretrain
3064,pretrain
4338,pretrain
817,pretrain
727,pretrain
4313,pretrain
6146,pretrain
1812,pretrain
21,pretrain
2890,pretrain
6260,pretrain
5711,pretrain
2042,pretrain
5069,pretrain
5426,pretrain
2272,pretrain
1670,pretrain
1366,pretrain
3689,pretrain
5949,pretrain
514,pretrain
6348,pretrain
3018,pretrain
60,pretrain
1947,pretrain
5017,pretrain
1912,pretrain
5883,pretrain
3959,pretrain
2922,pretrain
6076,pretrain
3800,pretrain
889,pretrain
4744,pretrain
5356,pretrain
4804,pretrain
2943,pretrain
5119,pretrain
749,pretrain
3514,pretrain
896,pretrain
5592,pretrain
1093,pretrain
3923,pretrain
5906,pretrain
3631,pretrain
1632,pretrain
4002,pretrain
5518,pretrain
419,pretrain
2965,pretrain
344,pretrain
4462,pretrain
2914,pretrain
4501,pretrain
1744,pretrain
2603,pretrain
7,pretrain
5401,pretrain
1952,pretrain
959,pretrain
4371,pretrain
5995,pretrain
3216,pretrain
238,pretrain
3774,pretrain
1552,pretrain
303,pretrain
5422,pretrain
3960,pretrain
5979,pretrain
1075,pretrain
271,pretrain
4195,pretrain
3889,pretrain
548,pretrain
1002,pretrain
1733,pretrain
4712,pretrain
3575,pretrain
3499,pretrain
724,pretrain
87,pretrain
5463,pretrain
1486,pretrain
3477,pretrain
2868,pretrain
3580,pretrain
826,pretrain
839,pretrain
901,pretrain
1610,pretrain
4986,pretrain
3790,pretrain
4365,pretrain
4585,pretrain
4007,pretrain
1875,pretrain
3185,pretrain
4286,pretrain
969,pretrain
5450,pretrain
183,pretrain
4649,pretrain
3570,pretrain
1817,pretrain
2118,pretrain
152,pretrain
387,pretrain
3551,pretrain
1847,pretrain
2183,pretrain
175,pretrain
4218,pretrain
4655,pretrain
4131,pretrain
685,pretrain
6106,pretrain
2107,pretrain
6203,pretrain
5374,pretrain
1029,pretrain
3613,pretrain
2607,pretrain
6207,pretrain
3743,pretrain
1635,pretrain
359,pretrain
96,pretrain
2165,pretrain
869,pretrain
1560,pretrain
3233,pretrain
328,pretrain
3192,pretrain
2946,pretrain
3006,pretrain
2557,pretrain
6195,pretrain
2494,pretrain
1773,pretrain
2987,pretrain
1917,pretrain
6351,pretrain
3722,pretrain
6121,pretrain
1881,pretrain
3844,pretrain
126,pretrain
3182,pretrain
4087,pretrain
1418,pretrain
2527,pretrain
30,pretrain
2790,pretrain
173,pretrain
1247,pretrain
794,pretrain
1763,pretrain
641,pretrain
1303,pretrain
3845,pretrain
5040,pretrain
2352,pretrain
4364,pretrain
5083,pretrain
2128,pretrain
6258,pretrain
3043,pretrain
2817,pretrain
2537,pretrain
5779,pretrain
4068,pretrain
1179,pretrain
366,pretrain
2433,pretrain
5131,pretrain
3386,pretrain
5235,pretrain
833,pretrain
5657,pretrain
4211,pretrain
3621,pretrain
5326,pretrain
600,pretrain
2414,pretrain
2794,pretrain
2801,pretrain
1315,pretrain
5270,pretrain
6271,pretrain
4983,pretrain
2334,pretrain
704,pretrain
2982,pretrain
3828,pretrain
2234,pretrain
6231,pretrain
3005,pretrain
409,pretrain
3730,pretrain
3257,pretrain
109,pretrain
650,pretrain
23,pretrain
1566,pretrain
5841,pretrain
461,pretrain
2624,pretrain
1023,pretrain
5665,pretrain
5709,pretrain
4774,pretrain
5103,pretrain
1154,pretrain
92,pretrain
2083,pretrain
6325,pretrain
244,pretrain
3237,pretrain
1959,pretrain
5052,pretrain
4755,pretrain
5798,pretrain
2640,pretrain
5106,pretrain
2255,pretrain
2983,pretrain
3414,pretrain
767,pretrain
597,pretrain
1379,pretrain
4931,pretrain
5882,pretrain
4824,pretrain
1279,pretrain
2145,pretrain
1404,pretrain
3979,pretrain
5241,pretrain
4445,pretrain
4418,pretrain
1578,pretrain
788,pretrain
5155,pretrain
4308,pretrain
4910,pretrain
5132,pretrain
2243,pretrain
823,pretrain
5658,pretrain
3963,pretrain
3165,pretrain
4886,pretrain
4147,pretrain
4969,pretrain
4487,pretrain
634,pretrain
2370,pretrain
4474,pretrain
3908,pretrain
5159,pretrain
2812,pretrain
518,pretrain
5727,pretrain
3894,pretrain
5923,pretrain
1570,pretrain
5762,pretrain
2459,pretrain
2245,pretrain
2289,pretrain
131,pretrain
2044,pretrain
2610,pretrain
4515,pretrain
1799,pretrain
2394,pretrain
2391,pretrain
6212,pretrain
2005,pretrain
851,pretrain
5536,pretrain
3716,pretrain
1977,pretrain
1530,pretrain
326,pretrain
1792,pretrain
2396,pretrain
2706,pretrain
2338,pretrain
6166,pretrain
4719,pretrain
3409,pretrain
5002,pretrain
3125,pretrain
3712,pretrain
568,pretrain
5626,pretrain
4660,pretrain
942,pretrain
5043,pretrain
4973,pretrain
2413,pretrain
5029,pretrain
3967,pretrain
1048,pretrain
4716,pretrain
3519,pretrain
6108,pretrain
3753,pretrain
4016,pretrain
2956,pretrain
5030,pretrain
1595,pretrain
4851,pretrain
3097,pretrain
2628,pretrain
563,pretrain
2088,pretrain
93,pretrain
4226,pretrain
3807,pretrain
725,pretrain
986,pretrain
4928,pretrain
5000,pretrain
1894,pretrain
5568,pretrain
5145,pretrain
4306,pretrain
6059,pretrain
3527,pretrain
3600,pretrain
5548,pretrain
3810,pretrain
2733,pretrain
2452,pretrain
819,pretrain
3883,pretrain
5997,pretrain
5921,pretrain
1671,pretrain
4880,pretrain
5695,pretrain
5589,pretrain
5790,pretrain
5595,pretrain
6280,pretrain
930,pretrain
4347,pretrain
1692,pretrain
297,pretrain
4666,pretrain
4239,pretrain
5337,pretrain
2884,pretrain
4080,pretrain
677,pretrain
4199,pretrain
1720,pretrain
5916,pretrain
4460,pretrain
3747,pretrain
2852,pretrain
5758,pretrain
5902,pretrain
1098,pretrain
762,pretrain
1331,pretrain
5229,pretrain
1068,pretrain
4221,pretrain
6173,pretrain
1844,pretrain
6125,pretrain
2518,pretrain
4721,pretrain
4999,pretrain
2162,pretrain
5670,pretrain
2809,pretrain
3534,pretrain
2957,pretrain
1788,pretrain
4267,pretrain
6201,pretrain
5937,pretrain
86,pretrain
3471,pretrain
867,pretrain
2715,pretrain
4691,pretrain
2777,pretrain
1151,pretrain
2798,pretrain
1013,pretrain
1005,pretrain
835,pretrain
3475,pretrain
3825,pretrain
5699,pretrain
1775,pretrain
3710,pretrain
709,pretrain
3934,pretrain
2660,pretrain
3436,pretrain
2174,pretrain
3304,pretrain
3805,pretrain
1493,pretrain
2283,pretrain
3260,pretrain
2702,pretrain
3154,pretrain
630,pretrain
4454,pretrain
1298,pretrain
3317,pretrain
5697,pretrain
4745,pretrain
5520,pretrain
6062,pretrain
3717,pretrain
3691,pretrain
857,pretrain
250,pretrain
5909,pretrain
5092,pretrain
3796,pretrain
5392,pretrain
2239,pretrain
6186,pretrain
98,pretrain
54,pretrain
1293,pretrain
5047,pretrain
2350,pretrain
4571,pretrain
676,pretrain
2629,pretrain
138,pretrain
89,pretrain
2505,pretrain
2853,pretrain
893,pretrain
5186,pretrain
4998,pretrain
4938,pretrain
813,pretrain
1567,pretrain
5943,pretrain
947,pretrain
2708,pretrain
4746,pretrain
3756,pretrain
2273,pretrain
5812,pretrain
938,pretrain
3688,pretrain
2632,pretrain
3301,pretrain
5570,pretrain
3856,pretrain
4994,pretrain
3271,pretrain
6227,pretrain
3250,pretrain
5416,pretrain
3054,pretrain
1064,pretrain
5859,pretrain
443,pretrain
584,pretrain
1626,pretrain
5895,pretrain
2705,pretrain
1232,pretrain
1373,pretrain
4320,pretrain
1522,pretrain
4419,pretrain
4383,pretrain
5515,pretrain
6113,pretrain
611,pretrain
2412,pretrain
258,pretrain
928,pretrain
4516,pretrain
5188,pretrain
6320,pretrain
723,pretrain
3565,pretrain
5576,pretrain
5926,pretrain
210,pretrain
1657,pretrain
5560,pretrain
3614,pretrain
2290,pretrain
2359,pretrain
4369,pretrain
1984,pretrain
4310,pretrain
6202,pretrain
2925,pretrain
3300,pretrain
4543,pretrain
4148,pretrain
2431,pretrain
4027,pretrain
3826,pretrain
6109,pretrain
2297,pretrain
564,pretrain
3255,pretrain
6020,pretrain
2843,pretrain
1096,pretrain
5527,pretrain
236,pretrain
1889,pretrain
1434,pretrain
1252,pretrain
2789,pretrain
6327,pretrain
5218,pretrain
5098,pretrain
1049,pretrain
2270,pretrain
3974,pretrain
3397,pretrain
4988,pretrain
3757,pretrain
3455,pretrain
2202,pretrain
5755,pretrain
1591,pretrain
1481,pretrain
6181,pretrain
489,pretrain
5696,pretrain
2383,pretrain
57,pretrain
1525,pretrain
479,pretrain
2195,pretrain
1040,pretrain
746,pretrain
4468,pretrain
5863,pretrain
5907,pretrain
3649,pretrain
1324,pretrain
121,pretrain
2545,pretrain
392,pretrain
5494,pretrain
380,pretrain
4869,pretrain
1594,pretrain
5952,pretrain
3702,pretrain
3518,pretrain
4305,pretrain
580,pretrain
4461,pretrain
4396,pretrain
3356,pretrain
4171,pretrain
908,pretrain
5629,pretrain
4409,pretrain
2992,pretrain
5667,pretrain
2834,pretrain
4149,pretrain
5897,pretrain
2157,pretrain
466,pretrain
3625,pretrain
1129,pretrain
4208,pretrain
1056,pretrain
4576,pretrain
5971,pretrain
5508,pretrain
3187,pretrain
2151,pretrain
2032,pretrain
1983,pretrain
1128,pretrain
3742,pretrain
6016,pretrain
3268,pretrain
2097,pretrain
3482,pretrain
3146,pretrain
4055,pretrain
2060,pretrain
4072,pretrain
4820,pretrain
5543,pretrain
5398,pretrain
2940,pretrain
228,pretrain
2004,pretrain
4325,pretrain
599,pretrain
1642,pretrain
4503,pretrain
3028,pretrain
701,pretrain
1332,pretrain
374,pretrain
988,pretrain
5409,pretrain
1054,pretrain
2866,pretrain
2555,pretrain
5901,pretrain
1120,pretrain
4771,pretrain
2854,pretrain
4628,pretrain
3567,pretrain
6147,pretrain
2498,pretrain
4720,pretrain
4057,pretrain
2395,pretrain
4532,pretrain
5598,pretrain
117,pretrain
1890,pretrain
4654,pretrain
4791,pretrain
799,pretrain
1498,pretrain
4128,pretrain
1845,pretrain
2439,pretrain
2612,pretrain
4053,pretrain
4094,pretrain
4323,pretrain
2707,pretrain
4235,pretrain
1827,pretrain
3933,pretrain
3699,pretrain
4145,pretrain
1212,pretrain
3067,pretrain
3610,pretrain
1224,pretrain
1608,pretrain
2524,pretrain
3391,pretrain
4157,pretrain
4426,pretrain
2823,pretrain
6284,pretrain
1104,pretrain
3990,pretrain
3347,pretrain
6301,pretrain
1705,pretrain
5893,pretrain
5373,pretrain
495,pretrain
1270,pretrain
887,pretrain
4577,pretrain
127,pretrain
1581,pretrain
2881,pretrain
1752,pretrain
6140,pretrain
5876,pretrain
224,pretrain
6035,pretrain
3305,pretrain
370,pretrain
5149,pretrain
5400,pretrain
5780,pretrain
797,pretrain
1569,pretrain
3997,pretrain
5920,pretrain
3247,pretrain
3451,pretrain
5674,pretrain
5738,pretrain
5014,pretrain
2069,pretrain
2346,pretrain
95,pretrain
5385,pretrain
3019,pretrain
4349,pretrain
4775,pretrain
5522,pretrain
1132,pretrain
4801,pretrain
6211,pretrain
4159,pretrain
5583,pretrain
3158,pretrain
4642,pretrain
6151,pretrain
2736,pretrain
5671,pretrain
1171,pretrain
3416,pretrain
3665,pretrain
471,pretrain
2144,pretrain
4473,pretrain
4268,pretrain
3089,pretrain
830,pretrain
2483,pretrain
2051,pretrain
4748,pretrain
5690,pretrain
3293,pretrain
4174,pretrain
5242,pretrain
5126,pretrain
254,pretrain
5344,pretrain
5347,pretrain
524,pretrain
4280,pretrain
2591,pretrain
4114,pretrain
4997,pretrain
270,pretrain
3002,pretrain
2357,pretrain
2587,pretrain
3288,pretrain
421,pretrain
4204,pretrain
402,pretrain
6193,pretrain
3085,pretrain
4551,pretrain
2966,pretrain
411,pretrain
4520,pretrain
5253,pretrain
6143,pretrain
4584,pretrain
5832,pretrain
1385,pretrain
3441,pretrain
4682,pretrain
373,pretrain
3998,pretrain
3771,pretrain
5063,pretrain
1501,pretrain
5276,pretrain
1429,pretrain
1937,pretrain
979,pretrain
1442,pretrain
6128,pretrain
4273,pretrain
2425,pretrain
5980,pretrain
3353,pretrain
5165,pretrain
3804,pretrain
1921,pretrain
4206,pretrain
4228,pretrain
4084,pretrain
5279,pretrain
5991,pretrain
2036,pretrain
712,pretrain
2434,pretrain
5970,pretrain
4956,pretrain
4921,pretrain
1286,pretrain
2936,pretrain
1305,pretrain
5396,pretrain
6116,pretrain
2482,pretrain
4415,pretrain
3418,pretrain
808,pretrain
526,pretrain
2295,pretrain
4257,pretrain
1484,pretrain
1987,pretrain
1876,pretrain
5053,pretrain
487,pretrain
4734,pretrain
2563,pretrain
989,pretrain
765,pretrain
6294,pretrain
3939,pretrain
3261,pretrain
1754,pretrain
180,pretrain
583,pretrain
4427,pretrain
2741,pretrain
3055,pretrain
5858,pretrain
201,pretrain
2611,pretrain
5440,pretrain
4733,pretrain
1099,pretrain
426,pretrain
5656,pretrain
1609,pretrain
3868,pretrain
5223,pretrain
2474,pretrain
3846,pretrain
750,pretrain
3550,pretrain
3909,pretrain
807,pretrain
3663,pretrain
3467,pretrain
4901,pretrain
2918,pretrain
4271,pretrain
1520,pretrain
4429,pretrain
4251,pretrain
944,pretrain
1205,pretrain
4934,pretrain
5489,pretrain
5084,pretrain
1363,pretrain
6155,pretrain
5881,pretrain
3760,pretrain
6228,pretrain
5918,pretrain
3890,pretrain
356,pretrain
3223,pretrain
4754,pretrain
6198,pretrain
3210,pretrain
4894,pretrain
4146,pretrain
3721,pretrain
4810,pretrain
1467,pretrain
5987,pretrain
1804,pretrain
5195,pretrain
1691,pretrain
1364,pretrain
358,pretrain
2420,pretrain
2481,pretrain
2466,pretrain
1746,pretrain
5282,pretrain
3935,pretrain
3754,pretrain
3507,pretrain
1745,pretrain
3591,pretrain
1681,pretrain
1739,pretrain
5625,pretrain
3594,pretrain
2344,pretrain
3545,pretrain
3417,pretrain
464,pretrain
1899,pretrain
2142,pretrain
1545,pretrain
3978,pretrain
368,pretrain
1197,pretrain
5981,pretrain
1183,pretrain
4899,pretrain
1925,pretrain
3557,pretrain
864,pretrain
672,pretrain
5586,pretrain
3533,pretrain
4647,pretrain
6157,pretrain
3657,pretrain
6165,pretrain
527,pretrain
2200,pretrain
3073,pretrain
4203,pretrain
729,pretrain
1505,pretrain
1211,pretrain
5542,pretrain
5033,pretrain
1025,pretrain
1243,pretrain
4696,pretrain
4947,pretrain
6234,pretrain
28,pretrain
5621,pretrain
2579,pretrain
5715,pretrain
1858,pretrain
4940,pretrain
6324,pretrain
3390,pretrain
3171,pretrain
2029,pretrain
448,pretrain
4247,pretrain
3336,pretrain
6319,pretrain
4659,pretrain
379,pretrain
5011,pretrain
2170,pretrain
184,pretrain
2335,pretrain
2566,pretrain
1254,pretrain
5354,pretrain
1874,pretrain
5752,pretrain
4572,pretrain
292,pretrain
4184,pretrain
4450,pretrain
2500,pretrain
4792,pretrain
2728,pretrain
2156,pretrain
2613,pretrain
764,pretrain
3485,pretrain
4701,pretrain
6237,pretrain
1082,pretrain
899,pretrain
5689,pretrain
1838,pretrain
474,pretrain
6153,pretrain
351,pretrain
1352,pretrain
800,pretrain
5254,pretrain
4965,pretrain
2307,pretrain
1292,pretrain
4322,pretrain
4929,pretrain
5327,pretrain
5722,pretrain
1288,pretrain
4906,pretrain
5404,pretrain
4926,pretrain
1848,pretrain
5603,pretrain
1689,pretrain
4362,pretrain
6049,pretrain
1307,pretrain
2181,pretrain
3900,pretrain
2577,pretrain
554,pretrain
3403,pretrain
2309,pretrain
4542,pretrain
4874,pretrain
3265,pretrain
5311,pretrain
4622,pretrain
44,pretrain
4190,pretrain
6002,pretrain
5724,pretrain
3778,pretrain
5610,pretrain
2681,pretrain
6082,pretrain
4153,pretrain
4703,pretrain
3586,pretrain
1195,pretrain
4579,pretrain
5660,pretrain
451,pretrain
3607,pretrain
5176,pretrain
2836,pretrain
3869,pretrain
6060,pretrain
332,pretrain
4568,pretrain
5468,pretrain
259,pretrain
4607,pretrain
6243,pretrain
2324,pretrain
4620,pretrain
2999,pretrain
58,pretrain
1218,pretrain
381,pretrain
3099,pretrain
2596,pretrain
486,pretrain
3339,pretrain
2122,pretrain
5271,pretrain
5420,pretrain
4676,pretrain
1888,pretrain
2813,pretrain
2650,pretrain
4698,pretrain
3456,pretrain
6047,pretrain
1112,pretrain
5498,pretrain
214,pretrain
2805,pretrain
2421,pretrain
2919,pretrain
4391,pretrain
4547,pretrain
3218,pretrain
1880,pretrain
5591,pretrain
2241,pretrain
3056,pretrain
3611,pretrain
2117,pretrain
4207,pretrain
4769,pretrain
1328,pretrain
3033,pretrain
4200,pretrain
5122,pretrain
2460,pretrain
2386,pretrain
2791,pretrain
125,pretrain
4442,pretrain
490,pretrain
501,pretrain
1697,pretrain
1388,pretrain
5173,pretrain
2473,pretrain
5510,pretrain
2617,pretrain
3723,pretrain
2845,pretrain
522,pretrain
1956,pretrain
5580,pretrain
4548,pretrain
934,pretrain
3179,pretrain
4348,pretrain
3867,pretrain
3808,pretrain
5846,pretrain
3520,pretrain
1221,pretrain
1000,pretrain
4289,pretrain
1278,pretrain
6317,pretrain
5969,pretrain
5121,pretrain
2553,pretrain
5567,pretrain
3925,pretrain
283,pretrain
5346,pretrain
5023,pretrain
980,pretrain
404,pretrain
5630,pretrain
4948,pretrain
1944,pretrain
5318,pretrain
5985,pretrain
4156,pretrain
4993,pretrain
1915,pretrain
1100,pretrain
2971,pretrain
1923,pretrain
6288,pretrain
5914,pretrain
230,pretrain
4361,pretrain
2620,pretrain
1929,pretrain
1470,pretrain
5852,pretrain
3380,pretrain
1478,pretrain
4278,pretrain
5844,pretrain
5377,pretrain
2048,pretrain
2923,pretrain
2933,pretrain
4395,pretrain
123,pretrain
1905,pretrain
731,pretrain
4974,pretrain
3173,pretrain
5049,pretrain
2127,pretrain
3352,pretrain
1371,pretrain
2949,pretrain
3515,pretrain
5433,pretrain
66,pretrain
369,pretrain
4953,pretrain
2841,pretrain
3364,pretrain
1855,pretrain
61,pretrain
134,pretrain
6074,pretrain
2197,pretrain
4303,pretrain
5850,pretrain
4101,pretrain
5540,pretrain
646,pretrain
340,pretrain
4337,pretrain
4765,pretrain
1335,pretrain
4164,pretrain
2141,pretrain
1010,pretrain
4528,pretrain
1882,pretrain
1127,pretrain
1576,pretrain
2007,pretrain
2858,pretrain
1634,pretrain
3693,pretrain
3538,pretrain
4852,pretrain
4873,pretrain
4819,pretrain
6345,pretrain
2764,pretrain
6022,pretrain
3584,pretrain
3476,pretrain
4186,pretrain
1206,pretrain
1614,pretrain
6338,pretrain
3940,pretrain
2462,pretrain
2031,pretrain
753,pretrain
1042,pretrain
6089,pretrain
377,pretrain
2830,pretrain
6163,pretrain
114,pretrain
5631,pretrain
976,pretrain
2468,pretrain
2435,pretrain
5380,pretrain
6018,pretrain
842,pretrain
4223,pretrain
5964,pretrain
1225,pretrain
5431,pretrain
4955,pretrain
181,pretrain
4670,pretrain
883,pretrain
3921,pretrain
4942,pretrain
4495,pretrain
2963,pretrain
3991,pretrain
5439,pretrain
1861,pretrain
542,pretrain
806,pretrain
5024,pretrain
3798,pretrain
432,pretrain
5035,pretrain
982,pretrain
5659,pretrain
4954,pretrain
861,pretrain
6342,pretrain
4019,pretrain
3937,pretrain
1563,pretrain
3410,pretrain
4263,pretrain
2164,pretrain
5471,pretrain
5694,pretrain
546,pretrain
4052,pretrain
984,pretrain
5546,pretrain
3528,pretrain
1957,pretrain
891,pretrain
919,pretrain
4866,pretrain
1343,pretrain
3181,pretrain
5677,pretrain
2582,pretrain
6009,pretrain
3083,pretrain
5455,pretrain
3442,pretrain
5803,pretrain
65,pretrain
4890,pretrain
5763,pretrain
626,pretrain
2291,pretrain
5087,pretrain
1866,pretrain
4549,pretrain
4069,pretrain
607,pretrain
3701,pretrain
1836,pretrain
3314,pretrain
5293,pretrain
4637,pretrain
5141,pretrain
1487,pretrain
2645,pretrain
5854,pretrain
3039,pretrain
2389,pretrain
1408,pretrain
3488,pretrain
3601,pretrain
744,pretrain
4366,pretrain
415,pretrain
561,pretrain
4860,pretrain
5654,pretrain
4049,pretrain
4293,pretrain
3277,pretrain
5716,pretrain
3927,pretrain
2944,pretrain
1616,pretrain
3044,pretrain
1282,pretrain
2470,pretrain
3101,pretrain
1446,pretrain
1422,pretrain
360,pretrain
2168,pretrain
1473,pretrain
5333,pretrain
2098,pretrain
4108,pretrain
1284,pretrain
6,pretrain
5019,pretrain
3636,pretrain
954,pretrain
5601,pretrain
5082,pretrain
4024,pretrain
6102,pretrain
5842,pretrain
4884,pretrain
2210,pretrain
3367,pretrain
299,pretrain
5481,pretrain
5810,pretrain
2533,pretrain
5912,pretrain
4610,pretrain
4763,pretrain
157,pretrain
4477,pretrain
3700,pretrain
2246,pretrain
4793,pretrain
1417,pretrain
4968,pretrain
5281,pretrain
3491,pretrain
2756,pretrain
2898,pretrain
4822,pretrain
48,pretrain
6276,pretrain
4661,pretrain
226,pretrain
255,pretrain
4690,pretrain
1432,pretrain
6330,pretrain
1412,pretrain
2893,pretrain
1500,pretrain
5960,pretrain
2876,pretrain
6007,pretrain
702,pretrain
4004,pretrain
1813,pretrain
1228,pretrain
3068,pretrain
2306,pretrain
3431,pretrain
6323,pretrain
193,pretrain
59,pretrain
3204,pretrain
841,pretrain
1182,pretrain
955,pretrain
5823,pretrain
5123,pretrain
2815,pretrain
6264,pretrain
1403,pretrain
5288,pretrain
972,pretrain
5972,pretrain
3746,pretrain
150,pretrain
3000,pretrain
5896,pretrain
965,pretrain
3464,pretrain
5312,pretrain
5611,pretrain
4963,pretrain
3227,pretrain
3063,pretrain
5478,pretrain
4252,pretrain
1674,pretrain
4160,pretrain
777,pretrain
540,pretrain
4992,pretrain
5935,pretrain
6257,pretrain
1191,pretrain
3034,pretrain
985,pretrain
5388,pretrain
5345,pretrain
613,pretrain
5147,pretrain
4504,pretrain
2115,pretrain
2520,pretrain
5982,pretrain
4980,pretrain
515,pretrain
2548,pretrain
5429,pretrain
5608,pretrain
603,pretrain
1323,pretrain
3147,pretrain
4290,pretrain
878,pretrain
6299,pretrain
6241,pretrain
4179,pretrain
3111,pretrain
6158,pretrain
1540,pretrain
4737,pretrain
5857,pretrain
5673,pretrain
3521,pretrain
3616,pretrain
1842,pretrain
2091,pretrain
2373,pretrain
1475,pretrain
6349,pretrain
3112,pretrain
4747,pretrain
2625,pretrain
3102,pretrain
3489,pretrain
3354,pretrain
5712,pretrain
1133,pretrain
2360,pretrain
383,pretrain
805,pretrain
1716,pretrain
4123,pretrain
4856,pretrain
4085,pretrain
3503,pretrain
2981,pretrain
2047,pretrain
4913,pretrain
2336,pretrain
1629,pretrain
2986,pretrain
6162,pretrain
1995,pretrain
2408,pretrain
2064,pretrain
586,pretrain
778,pretrain
5180,pretrain
6247,pretrain
3661,pretrain
3266,pretrain
6078,pretrain
6123,pretrain
4354,pretrain
6196,pretrain
6133,pretrain
1401,pretrain
1229,pretrain
4729,pretrain
1240,pretrain
638,pretrain
6069,pretrain
1589,pretrain
100,pretrain
1931,pretrain
3186,pretrain
2411,pretrain
6066,pretrain
1694,pretrain
2910,pretrain
4351,pretrain
2375,pretrain
3040,pretrain
5322,pretrain
2196,pretrain
627,pretrain
3143,pretrain
3375,pretrain
5247,pretrain
6274,pretrain
3452,pretrain
2012,pretrain
6183,pretrain
875,pretrain
2867,pretrain
4073,pretrain
439,pretrain
5144,pretrain
5045,pretrain
4464,pretrain
1630,pretrain
4693,pretrain
2576,pretrain
3469,pretrain
1655,pretrain
37,pretrain
802,pretrain
1863,pretrain
130,pretrain
2182,pretrain
2057,pretrain
4194,pretrain
755,pretrain
1639,pretrain
691,pretrain
3498,pretrain
2063,pretrain
3902,pretrain
1579,pretrain
4044,pretrain
673,pretrain
284,pretrain
3599,pretrain
6025,pretrain
1814,pretrain
4098,pretrain
2795,pretrain
1424,pretrain
1460,pretrain
3030,pretrain
5635,pretrain
730,pretrain
4431,pretrain
403,pretrain
3839,pretrain
372,pretrain
653,pretrain
4358,pretrain
4472,pretrain
4210,pretrain
1163,pretrain
5336,pretrain
918,pretrain
3240,pretrain
1200,pretrain
2096,pretrain
1472,pretrain
172,pretrain
2084,pretrain
1027,pretrain
5408,pretrain
2406,pretrain
1605,pretrain
5265,pretrain
5466,pretrain
4478,pretrain
596,pretrain
5707,pretrain
1398,pretrain
2521,pretrain
4936,pretrain
4090,pretrain
5831,pretrain
2657,pretrain
1558,pretrain
3589,pretrain
5646,pretrain
3466,pretrain
1172,pretrain
1018,pretrain
2509,pretrain
2479,pretrain
3707,pretrain
3333,pretrain
4236,pretrain
4335,pretrain
2180,pretrain
22,pretrain
4546,pretrain
5662,pretrain
3308,pretrain
3123,pretrain
5675,pretrain
3806,pretrain
3048,pretrain
3904,pretrain
608,pretrain
6027,pretrain
1715,pretrain
6114,pretrain
5729,pretrain
2519,pretrain
5774,pretrain
1615,pretrain
2831,pretrain
4644,pretrain
2227,pretrain
5348,pretrain
1988,pretrain
1793,pretrain
1969,pretrain
2094,pretrain
4265,pretrain
1877,pretrain
2601,pretrain
2723,pretrain
2068,pretrain
4865,pretrain
2380,pretrain
3315,pretrain
113,pretrain
5191,pretrain
1052,pretrain
585,pretrain
4217,pretrain
2685,pretrain
962,pretrain
529,pretrain
2711,pretrain
4619,pretrain
6014,pretrain
4457,pretrain
357,pretrain
5447,pretrain
3011,pretrain
4046,pretrain
2870,pretrain
3023,pretrain
2037,pretrain
5553,pretrain
4277,pretrain
793,pretrain
6126,pretrain
3408,pretrain
3824,pretrain
6031,pretrain
4100,pretrain
5050,pretrain
2081,pretrain
1273,pretrain
3420,pretrain
141,pretrain
29,pretrain
5430,pretrain
84,pretrain
3547,pretrain
5732,pretrain
6170,pretrain
5249,pretrain
931,pretrain
400,pretrain
4384,pretrain
1223,pretrain
4970,pretrain
2034,pretrain
5197,pretrain
3004,pretrain
5945,pretrain
3780,pretrain
1999,pretrain
5664,pretrain
3494,pretrain
849,pretrain
6092,pretrain
3047,pretrain
2499,pretrain
2608,pretrain
4554,pretrain
3542,pretrain
5750,pretrain
3190,pretrain
1760,pretrain
4309,pretrain
4232,pretrain
2086,pretrain
894,pretrain
4540,pretrain
5736,pretrain
3568,pretrain
3126,pretrain
5305,pretrain
245,pretrain
155,pretrain
5415,pretrain
3378,pretrain
5093,pretrain
5977,pretrain
4029,pretrain
2362,pretrain
5778,pretrain
6134,pretrain
4344,pretrain
2535,pretrain
1360,pretrain
2755,pretrain
3624,pretrain
460,pretrain
2066,pretrain
1633,pretrain
5136,pretrain
3177,pretrain
6139,pretrain
5731,pretrain
3981,pretrain
428,pretrain
2717,pretrain
4967,pretrain
6194,pretrain
4643,pretrain
3057,pretrain
5067,pretrain
1095,pretrain
3955,pretrain
5853,pretrain
3546,pretrain
2646,pretrain
2739,pretrain
997,pretrain
943,pretrain
6152,pretrain
3602,pretrain
2076,pretrain
5680,pretrain
2689,pretrain
3922,pretrain
678,pretrain
1410,pretrain
323,pretrain
2404,pretrain
5394,pretrain
438,pretrain
5366,pretrain
2133,pretrain
456,pretrain
1895,pretrain
4630,pretrain
2371,pretrain
3510,pretrain
5950,pretrain
3483,pretrain
5244,pretrain
4710,pretrain
4261,pretrain
264,pretrain
2355,pretrain
832,pretrain
4054,pretrain
3141,pretrain
1113,pretrain
300,pretrain
4802,pretrain
4022,pretrain
4587,pretrain
4398,pretrain
2649,pretrain
6187,pretrain
3969,pretrain
956,pretrain
3236,pretrain
1300,pretrain
3320,pretrain
598,pretrain
1599,pretrain
4256,pretrain
662,pretrain
2959,pretrain
2586,pretrain
3911,pretrain
467,pretrain
520,pretrain
836,pretrain
2331,pretrain
3859,pretrain
1106,pretrain
1464,pretrain
5283,pretrain
5679,pretrain
498,pretrain
6105,pretrain
588,pretrain
4060,pretrain
2000,pretrain
5837,pretrain
4106,pretrain
4381,pretrain
560,pretrain
5869,pretrain
2808,pretrain
1319,pretrain
4124,pretrain
5887,pretrain
331,pretrain
5639,pretrain
1316,pretrain
5364,pretrain
2573,pretrain
2714,pretrain
855,pretrain
5628,pretrain
4976,pretrain
2284,pretrain
3213,pretrain
2055,pretrain
4198,pretrain
5620,pretrain
3180,pretrain
469,pretrain
4287,pretrain
4939,pretrain
661,pretrain
1779,pretrain
24,pretrain
870,pretrain
1026,pretrain
4505,pretrain
1255,pretrain
3755,pretrain
680,pretrain
2875,pretrain
5730,pretrain
2237,pretrain
3898,pretrain
3860,pretrain
3412,pretrain
3119,pretrain
146,pretrain
80,pretrain
1448,pretrain
4915,pretrain
5904,pretrain
1231,pretrain
3888,pretrain
1542,pretrain
1264,pretrain
5597,pretrain
4013,pretrain
3842,pretrain
1515,pretrain
1237,pretrain
1336,pretrain
2997,pretrain
4298,pretrain
3881,pretrain
4602,pretrain
2497,pretrain
5737,pretrain
5037,pretrain
2472,pretrain
4902,pretrain
3516,pretrain
1260,pretrain
349,pretrain
2035,pretrain
1077,pretrain
551,pretrain
3741,pretrain
4794,pretrain
1216,pretrain
660,pretrain
3217,pretrain
4537,pretrain
2442,pretrain
215,pretrain
1032,pretrain
5974,pretrain
5086,pretrain
2398,pretrain
3571,pretrain
3128,pretrain
2569,pretrain
5614,pretrain
2328,pretrain
3252,pretrain
2215,pretrain
1607,pretrain
3322,pretrain
5558,pretrain
1020,pretrain
435,pretrain
4048,pretrain
5797,pretrain
5438,pretrain
4896,pretrain
4878,pretrain
1134,pretrain
4219,pretrain
399,pretrain
6019,pretrain
5090,pretrain
3310,pretrain
2826,pretrain
5251,pretrain
5135,pretrain
1702,pretrain
2130,pretrain
4588,pretrain
2753,pretrain
2378,pretrain
977,pretrain
2186,pretrain
1108,pretrain
3745,pretrain
5839,pretrain
2775,pretrain
2078,pretrain
3430,pretrain
5015,pretrain
5661,pretrain
3325,pretrain
3893,pretrain
574,pretrain
4681,pretrain
4818,pretrain
174,pretrain
1928,pretrain
5983,pretrain
1456,pretrain
2700,pretrain
2231,pretrain
136,pretrain
6129,pretrain
4761,pretrain
4276,pretrain
2027,pretrain
2897,pretrain
5978,pretrain
1210,pretrain
2159,pretrain
3531,pretrain
2015,pretrain
5215,pretrain
5094,pretrain
757,pretrain
4799,pretrain
4373,pretrain
2769,pretrain
4469,pretrain
736,pretrain
2833,pretrain
5600,pretrain
3573,pretrain
6336,pretrain
2199,pretrain
2204,pretrain
4102,pretrain
3535,pretrain
1006,pretrain
5205,pretrain
4809,pretrain
2423,pretrain
329,pretrain
4638,pretrain
2516,pretrain
5085,pretrain
3104,pretrain
2285,pretrain
686,pretrain
1007,pretrain
5473,pretrain
719,pretrain
4173,pretrain
3395,pretrain
5028,pretrain
2941,pretrain
3736,pretrain
3681,pretrain
2670,pretrain
5924,pretrain
3443,pretrain
3522,pretrain
1125,pretrain
1313,pretrain
926,pretrain
2152,pretrain
3178,pretrain
5286,pretrain
156,pretrain
1180,pretrain
4511,pretrain
6293,pretrain
5564,pretrain
2095,pretrain
6222,pretrain
538,pretrain
6339,pretrain
3775,pretrain
5962,pretrain
1482,pretrain
3578,pretrain
715,pretrain
4140,pretrain
3982,pretrain
3080,pretrain
5362,pretrain
4559,pretrain
476,pretrain
4296,pretrain
4544,pretrain
3051,pretrain
4297,pretrain
3962,pretrain
5947,pretrain
1539,pretrain
4593,pretrain
2929,pretrain
1480,pretrain
2376,pretrain
2103,pretrain
1568,pretrain
4843,pretrain
2669,pretrain
5903,pretrain
5919,pretrain
3292,pretrain
1466,pretrain
1257,pretrain
4847,pretrain
4430,pretrain
6350,pretrain
185,pretrain
3854,pretrain
5391,pretrain
3537,pretrain
952,pretrain
4773,pretrain
4631,pretrain
5649,pretrain
4812,pretrain
5938,pretrain
4725,pretrain
354,pretrain
4767,pretrain
2271,pretrain
4877,pretrain
3419,pretrain
5623,pretrain
4533,pretrain
5647,pretrain
1499,pretrain
606,pretrain
3172,pretrain
5638,pretrain
5865,pretrain
5349,pretrain
2900,pretrain
6149,pretrain
5477,pretrain
2131,pretrain
4626,pretrain
3176,pretrain
2934,pretrain
2803,pretrain
5934,pretrain
268,pretrain
4031,pretrain
6253,pretrain
5948,pretrain
6039,pretrain
5487,pretrain
5825,pretrain
1067,pretrain
6268,pretrain
243,pretrain
884,pretrain
418,pretrain
2316,pretrain
4315,pretrain
68,pretrain
6017,pretrain
1362,pretrain
1081,pretrain
3553,pretrain
318,pretrain
5571,pretrain
5234,pretrain
5395,pretrain
1016,pretrain
5485,pretrain
3,pretrain
2471,pretrain
5021,pretrain
242,pretrain
2403,pretrain
1822,pretrain
1523,pretrain
2333,pretrain
3812,pretrain
4706,pretrain
159,pretrain
2602,pretrain
2366,pretrain
2112,pretrain
3481,pretrain
4677,pretrain
5967,pretrain
2639,pretrain
3474,pretrain
1935,pretrain
1910,pretrain
1346,pretrain
5031,pretrain
2407,pretrain
3620,pretrain
6210,pretrain
798,pretrain
480,pretrain
3892,pretrain
1620,pretrain
803,pretrain
3948,pretrain
1751,pretrain
3077,pretrain
1927,pretrain
3199,pretrain
4914,pretrain
3749,pretrain
4243,pretrain
1663,pretrain
1375,pretrain
414,pretrain
367,pretrain
4671,pretrain
5941,pretrain
3086,pretrain
815,pretrain
3238,pretrain
5541,pretrain
2730,pretrain
1431,pretrain
2592,pretrain
5328,pretrain
1208,pretrain
10,pretrain
6103,pretrain
4908,pretrain
4664,pretrain
2713,pretrain
4892,pretrain
4158,pretrain
2219,pretrain
5332,pretrain
5642,pretrain
5352,pretrain
5211,pretrain
961,pretrain
5569,pretrain
5338,pretrain
6120,pretrain
5973,pretrain
4172,pretrain
1173,pretrain
218,pretrain
3705,pretrain
4752,pretrain
528,pretrain
6217,pretrain
5788,pretrain
1819,pretrain
5138,pretrain
5367,pretrain
1488,pretrain
1189,pretrain
4438,pretrain
4470,pretrain
4844,pretrain
4527,pretrain
2033,pretrain
3342,pretrain
3901,pretrain
5782,pretrain
2911,pretrain
2572,pretrain
639,pretrain
2327,pretrain
4321,pretrain
3309,pretrain
751,pretrain
5198,pretrain
3424,pretrain
3684,pretrain
5613,pretrain
2119,pretrain
1961,pretrain
3357,pretrain
4567,pretrain
2070,pretrain
3479,pretrain
3977,pretrain
5449,pretrain
4699,pretrain
5151,pretrain
3396,pretrain
1047,pretrain
6056,pretrain
2622,pretrain
3639,pretrain
5955,pretrain
1941,pretrain
325,pretrain
5170,pretrain
1406,pretrain
4270,pretrain
4727,pretrain
3999,pretrain
4816,pretrain
3968,pretrain
693,pretrain
2463,pretrain
2630,pretrain
4360,pretrain
3207,pretrain
4750,pretrain
3478,pretrain
5563,pretrain
4990,pretrain
3372,pretrain
5469,pretrain
119,pretrain
871,pretrain
1622,pretrain
1457,pretrain
338,pretrain
1930,pretrain
990,pretrain
4042,pretrain
6101,pretrain
1083,pretrain
958,pretrain
5185,pretrain
4434,pretrain
3916,pretrain
3858,pretrain
211,pretrain
4193,pretrain
1230,pretrain
3627,pretrain
5637,pretrain
1312,pretrain
684,pretrain
3096,pretrain
5905,pretrain
1526,pretrain
3851,pretrain
2079,pretrain
397,pretrain
1116,pretrain
968,pretrain
4597,pretrain
1767,pretrain
1723,pretrain
2827,pretrain
4882,pretrain
3673,pretrain
1818,pretrain
3243,pretrain
5146,pretrain
3415,pretrain
3875,pretrain
3254,pretrain
3226,pretrain
827,pretrain
3995,pretrain
3302,pretrain
6042,pretrain
2039,pretrain
2013,pretrain
1262,pretrain
3765,pretrain
2913,pretrain
5190,pretrain
2568,pretrain
3365,pretrain
371,pretrain
4486,pretrain
4433,pretrain
3622,pretrain
3025,pretrain
2727,pretrain
735,pretrain
5910,pretrain
3632,pretrain
3492,pretrain
3857,pretrain
391,pretrain
5966,pretrain
1511,pretrain
2661,pretrain
4242,pretrain
3973,pretrain
1974,pretrain
4237,pretrain
4392,pretrain
3379,pretrain
4059,pretrain
2268,pretrain
1337,pretrain
147,pretrain
1536,pretrain
6189,pretrain
3234,pretrain
5756,pretrain
4112,pretrain
4258,pretrain
2298,pretrain
4028,pretrain
2280,pretrain
5845,pretrain
6341,pretrain
417,pretrain
5574,pretrain
1344,pretrain
1011,pretrain
1796,pretrain
2835,pretrain
6075,pretrain
1207,pretrain
6131,pretrain
3733,pretrain
2415,pretrain
4889,pretrain
4977,pretrain
2695,pretrain
3035,pretrain
2211,pretrain
1234,pretrain
5856,pretrain
3853,pretrain
3275,pretrain
1277,pretrain
4971,pretrain
3706,pretrain
4249,pretrain
2041,pretrain
4840,pretrain
3679,pretrain
5268,pretrain
261,pretrain
4141,pretrain
2265,pretrain
4728,pretrain
2146,pretrain
5274,pretrain
2263,pretrain
1421,pretrain
547,pretrain
6030,pretrain
6239,pretrain
3914,pretrain
2704,pretrain
6160,pretrain
5554,pretrain
39,pretrain
3592,pretrain
4900,pretrain
1365,pretrain
2410,pretrain
5829,pretrain
953,pretrain
5181,pretrain
4834,pretrain
5605,pretrain
2517,pretrain
5269,pretrain
3886,pretrain
4625,pretrain
5329,pretrain
2478,pretrain
450,pretrain
4946,pretrain
429,pretrain
4484,pretrain
1546,pretrain
1853,pretrain
2150,pretrain
320,pretrain
2326,pretrain
649,pretrain
874,pretrain
756,pretrain
4842,pretrain
3140,pretrain
6061,pretrain
1801,pretrain
2788,pretrain
2493,pretrain
5370,pretrain
3013,pretrain
2317,pretrain
3012,pretrain
1761,pretrain
239,pretrain
4891,pretrain
3053,pretrain
2512,pretrain
3001,pretrain
5260,pretrain
5072,pretrain
3421,pretrain
5177,pretrain
2575,pretrain
3879,pretrain
5166,pretrain
4635,pretrain
1420,pretrain
1710,pretrain
5363,pretrain
2564,pretrain
837,pretrain
6289,pretrain
2832,pretrain
1703,pretrain
3024,pretrain
4266,pretrain
3460,pretrain
2912,pretrain
5759,pretrain
263,pretrain
2885,pretrain
2353,pretrain
3656,pretrain
5761,pretrain
2641,pretrain
5532,pretrain
2002,pretrain
4766,pretrain
5088,pretrain
3572,pretrain
1625,pretrain
508,pretrain
4907,pretrain
4494,pretrain
780,pretrain
4517,pretrain
35,pretrain
1684,pretrain
120,pretrain
4345,pretrain
5976,pretrain
408,pretrain
2751,pretrain
914,pretrain
5725,pretrain
5784,pretrain
4385,pretrain
2085,pretrain
974,pretrain
4281,pretrain
3132,pretrain
4440,pretrain
6091,pretrain
2056,pretrain
78,pretrain
2155,pretrain
3554,pretrain
2904,pretrain
1310,pretrain
1447,pretrain
6232,pretrain
1463,pretrain
6004,pretrain
305,pretrain
1019,pretrain
858,pretrain
3862,pretrain
6219,pretrain
4086,pretrain
5009,pretrain
1320,pretrain
257,pretrain
3193,pretrain
845,pretrain
5174,pretrain
4041,pretrain
618,pretrain
1721,pretrain
996,pretrain
5369,pretrain
4401,train
3579,train
4096,train
2584,train
2951,train
4062,train
3241,train
964,train
5350,train
4170,train
99,train
5891,train
4636,train
5524,train
2703,train
2696,train
4212,train
3404,train
6058,train
2082,train
978,train
2323,train
1811,train
2855,train
2171,train
4764,train
2786,train
5531,train
4229,train
3509,train
3449,train
446,train
4608,train
2990,train
1170,train
4565,train
2757,train
700,train
3130,train
5206,train
5399,train
665,train
5397,train
3413,train
1648,train
2342,train
863,train
1647,train
3525,train
122,train
6206,train
4234,train
3183,train
2908,train
3541,train
783,train
3279,train
5437,train
509,train
5464,train
4435,train
420,train
4125,train
5003,train
6251,train
3388,train
1356,train
2134,train
2860,train
4827,train
6094,train
2710,train
4410,train
5306,train
3133,train
1830,train
6223,train
1178,train
2308,train
1150,train
3405,train
5225,train
178,train
5341,train
3221,train
1553,train
2461,train
1897,train
6023,train
3561,train
2719,train
334,train
4903,train
3495,train
4099,train
2040,train
4758,train
5633,train
216,train
280,train
4363,train
579,train
1593,train
2441,train
2634,train
5208,train
5986,train
4493,train
784,train
6308,train
5511,train
6079,train
4985,train
4355,train
1435,train
2648,train
2244,train
558,train
1142,train
5491,train
1261,train
3094,train
3157,train
5685,train
1423,train
6273,train
191,train
4475,train
1280,train
4841,train
5735,train
4000,train
3113,train
963,train
1645,train
2259,train
2192,train
1491,train
3224,train
2253,train
1497,train
1107,train
2877,train
1140,train
3696,train
5781,train
3425,train
2977,train
430,train
5743,train
1548,train
1509,train
4374,train
2729,train
549,train
3331,train
868,train
232,train
4334,train
578,train
5289,train
4743,train
5700,train
1238,train
6295,train
5495,train
1051,train
5963,train
4786,train
1613,train
3989,train
1809,train
2416,train
422,train
2137,train
1582,train
2840,train
5112,train
3941,train
2953,train
194,train
1980,train
2440,train
26,train
5298,train
1673,train
3105,train
3323,train
4509,train
5402,train
6346,train
1038,train
1159,train
5557,train
2330,train
5475,train
1022,train
4406,train
4292,train
2942,train
5236,train
1829,train
1904,train
2300,train
5004,train
683,train
375,train
5182,train
223,train
3641,train
517,train
6287,train
289,train
6255,train
692,train
1778,train
4905,train
2542,train
2687,train
536,train
4768,train
911,train
2578,train
3802,train
1640,train
4113,train
253,train
4821,train
592,train
1187,train
5452,train
1565,train
1922,train
5275,train
1459,train
3262,train
937,train
5162,train
1165,train
659,train
5153,train
6015,train
3072,train
341,train
4553,train
401,train
754,train
1258,train
4079,train
4077,train
945,train
6085,train
4185,train
3873,train
1087,train
4051,train
115,train
5324,train
5212,train
3110,train
2110,train
6148,train
4590,train
5384,train
3091,train
4943,train
1149,train
5669,train
2892,train
2745,train
2093,train
6225,train
1078,train
3253,train
5357,train
3920,train
3658,train
1806,train
6081,train
2926,train
5061,train
4853,train
3344,train
3590,train
3623,train
4291,train
6161,train
83,train
2445,train
3437,train
1555,train
36,train
441,train
5105,train
3160,train
5142,train
1381,train
635,train
2418,train
5194,train
1510,train
2531,train
2693,train
5102,train
2438,train
2169,train
1624,train
5343,train
1504,train
2045,train
5258,train
4352,train
565,train
5648,train
1575,train
2534,train
1901,train
6010,train
2080,train
102,train
6272,train
706,train
940,train
5801,train
766,train
2574,train
5127,train
105,train
2662,train
3896,train
2872,train
5927,train
2995,train
1529,train
1461,train
2878,train
3951,train
3122,train
3698,train
5551,train
2806,train
4941,train
3670,train
1672,train
5618,train
4987,train
2266,train
5769,train
3502,train
6230,train
4402,train
4674,train
1722,train
3870,train
5767,train
4012,train
4294,train
5719,train
1396,train
4558,train
5898,train
4414,train
3536,train
892,train
3473,train
55,train
809,train
3762,train
34,train
2496,train
532,train
4227,train
1306,train
5034,train
3212,train
1651,train
1688,train
1034,train
4262,train
1289,train
2325,train
3543,train
1782,train
3672,train
1798,train
4722,train
5486,train
2276,train
3215,train
1604,train
2749,train
4783,train
6024,train
3817,train
1046,train
856,train
4481,train
5310,train
6218,train
206,train
3078,train
2010,train
6154,train
6214,train
4377,train
69,train
2261,train
3166,train
3259,train
4350,train
1711,train
4566,train
1045,train
4154,train
5521,train
6199,train
6093,train
302,train
1893,train
3189,train
6065,train
1970,train
384,train
4259,train
5355,train
1637,train
1248,train
1971,train
1327,train
5808,train
3992,train
4679,train
647,train
3843,train
4413,train
1661,train
260,train
2400,train
454,train
6205,train
6290,train
4732,train
5203,train
1907,train
1239,train
6159,train
6182,train
1220,train
4883,train
346,train
5612,train
828,train
4166,train
690,train
135,train
5315,train
2588,train
5331,train
2672,train
2250,train
1920,train
1823,train
2522,train
3438,train
1837,train
6008,train
3772,train
5505,train
286,train
296,train
5836,train
4133,train
5726,train
6347,train
4633,train
6080,train
5266,train
3729,train
5549,train
3903,train
2453,train
2109,train
5124,train
2939,train
4375,train
4181,train
2321,train
2264,train
1965,train
5319,train
1808,train
3783,train
3426,train
225,train
4684,train
5733,train
1886,train
2022,train
4621,train
6087,train
14,train
2720,train
5100,train
3720,train
3116,train
3906,train
5476,train
3050,train
503,train
319,train
1699,train
4618,train
6303,train
1584,train
4650,train
5231,train
1348,train
1918,train
1712,train
3766,train
1492,train
81,train
2277,train
4161,train
4898,train
2748,train
785,train
2523,train
2954,train
3803,train
2387,train
5005,train
3850,train
5714,train
1439,train
675,train
2824,train
6256,train
3298,train
1913,train
1169,train
6130,train
2544,train
1514,train
4855,train
581,train
5851,train
2143,train
3678,train
5339,train
1014,train
5372,train
337,train
455,train
4070,train
162,train
291,train
2668,train
3465,train
5280,train
4020,train
610,train
3964,train
1992,train
981,train
3834,train
3642,train
1124,train
795,train
1122,train
3675,train
1118,train
4432,train
761,train
4678,train
811,train
5222,train
75,train
4176,train
186,train
1483,train
209,train
5512,train
5749,train
3731,train
312,train
475,train
3103,train
2638,train
2349,train
5728,train
4319,train
335,train
637,train
1259,train
2810,train
5412,train
3225,train
2811,train
2973,train
2026,train
4962,train
2883,train
1227,train
3822,train
3986,train
5161,train
5828,train
2021,train
2313,train
5359,train
4015,train
4038,train
3560,train
1389,train
1621,train
4225,train
4658,train
3770,train
1541,train
2784,train
3214,train
3321,train
5771,train
5624,train
5016,train
4039,train
2961,train
459,train
3549,train
929,train
779,train
3540,train
2962,train
5001,train
1283,train
4817,train
1755,train
5459,train
1086,train
2504,train
1968,train
4502,train
3062,train
1849,train
2108,train
3106,train
1685,train
3980,train
2446,train
3646,train
4230,train
2235,train
2873,train
6300,train
1854,train
445,train
3374,train
1650,train
5056,train
1887,train
1606,train
4011,train
2436,train
1714,train
4888,train
5118,train
1455,train
4150,train
4815,train
5555,train
5701,train
266,train
3564,train
2993,train
4423,train
5285,train
5462,train
6343,train
5946,train
6313,train
5259,train
207,train
3655,train
4260,train
644,train
1623,train
3569,train
1940,train
2248,train
2768,train
3497,train
3037,train
2073,train
2896,train
1759,train
4275,train
2365,train
737,train
1864,train
1665,train
3994,train
872,train
5866,train
1998,train
770,train
2208,train
64,train
1138,train
1437,train
6050,train
2052,train
198,train
2304,train
3316,train
3368,train
689,train
5818,train
1217,train
5959,train
2163,train
3273,train
3400,train
5516,train
2139,train
3371,train
1644,train
488,train
5230,train
3891,train
993,train
190,train
2988,train
1709,train
4400,train
3728,train
1350,train
3127,train
1601,train
246,train
3270,train
5232,train
966,train
5632,train
229,train
5723,train
5602,train
5827,train
3836,train
4304,train
2886,train
3448,train
15,train
2726,train
6052,train
3604,train
3750,train
3813,train
645,train
4530,train
2486,train
669,train
4555,val
1268,val
4316,val
927,val
493,val
1556,val
4138,val
4489,val
1196,val
4923,val
5990,val
2310,val
5819,val
4518,val
3249,val
4043,val
2450,val
543,val
5999,val
2551,val
5587,val
1967,val
3175,val
3150,val
3596,val
3167,val
4394,val
5615,val
3060,val
2028,val
5139,val
2924,val
5757,val
437,val
6090,val
1843,val
2003,val
3957,val
1287,val
2567,val
2974,val
279,val
1039,val
5414,val
3330,val
1137,val
5228,val
5128,val
1036,val
4449,val
5302,val
4135,val
2147,val
4182,val
4531,val
5565,val
5616,val
2779,val
5250,val
4964,val
6067,val
167,val
3664,val
533,val
3026,val
2631,val
5427,val
3924,val
5855,val
2092,val
4573,val
5055,val
465,val
3799,val
2432,val
1199,val
6003,val
252,val
1981,val
550,val
1235,val
2011,val
6046,val
3435,val
3971,val
5134,val
5691,val
2488,val
4,val
5957,val
5238,val
4601,val
1101,val
4927,val
2618,val
1939,val
5742,val
4155,val
1561,val
1871,val
3724,val
4796,val
612,val
971,val
5514,val
412,val
1347,val
1119,val
2287,val
3153,val
2381,val
2765,val
5376,val
5246,val
4960,val
5770,val
1269,val
4425,val
1926,val
1146,val
4397,val
2679,val
3643,val
820,val
1527,val
3135,val
3559,val
4006,val
1713,val
4165,val
53,val
2513,val
941,val
1948,val
1982,val
1147,val
1028,val
5506,val
801,val
1851,val
2932,val
2862,val
4491,val
294,val
4833,val
2744,val
6051,val
5113,val
5864,val
587,val
5526,val
1693,val
5496,val
5334,val
352,val
789,val
4781,val
5304,val
2198,val
463,val
4386,val
3109,val
1334,val
1911,val
6278,val
5826,val
3188,val
6302,val
4519,val
5499,val
4826,val
6275,val
5150,val
5109,val
844,val
4436,val
3556,val
4756,val
3168,val
4762,val
440,val
2303,val
2262,val
2915,val
1390,val
4064,val
3897,val
5713,val
3010,val
575,val
1590,val
1816,val
5507,val
5405,val
5407,val
2256,val
768,val
4935,val
6107,val
3917,val
5860,val
1186,val
3399,val
507,val
4388,val
1479,val
6144,val
3725,val
3792,val
1297,val
1102,val
1063,val
5888,val
2560,val
3841,val
4067,val
1774,val
423,val
5816,val
3306,val
309,val
6043,val
1719,val
3913,val
5804,val
4144,val
5590,val
2209,val
1050,val
652,val
4324,val
5787,val
4958,val
1060,val
2061,val
3151,val
1407,val
1378,val
2869,val
1162,val
519,val
3827,val
2529,val
5666,val
128,val
5325,val
5299,val
5042,val
2804,val
396,val
4823,val
4700,val
910,val
1325,val
2985,test
5681,test
1024,test
4047,test
2475,test
234,test
3120,test
3230,test
531,test
2090,test
1860,test
237,test
4063,test
3453,test
2292,test
282,test
5968,test
2683,test
2454,test
5678,test
4378,test
5291,test
5848,test
2019,test
4393,test
3134,test
787,test
825,test
1916,test
4353,test
4714,test
866,test
327,test
4742,test
1649,test
3874,test
1872,test
3351,test
1885,test
2597,test
1415,test
1037,test
5820,test
4849,test
5951,test
3797,test
1496,test
3574,test
4119,test
3009,test
4005,test
3115,test
4372,test
4937,test
2476,test
1834,test
4162,test
1265,test
4606,test
145,test
4640,test
251,test
2185,test
2909,test
5641,test
2752,test
4848,test
3341,test
4169,test
2785,test
2458,test
2857,test
2364,test
5081,test
2222,test
4036,test
4254,test
4127,test
6329,test
4443,test
2738,test
3163,test
2674,test
4380,test
1209,test
5503,test
6040,test
705,test
3211,test
4279,test
3075,test
670,test
2184,test
5160,test
2771,test
1726,test
5796,test
2644,test
5550,test
2760,test
1061,test
5619,test
3021,test
4463,test
5360,test
2361,test
3683,test
5171,test
449,test
5264,test
2116,test
4116,test
2405,test
4188,test
5894,test
301,test
957,test
4083,test
6077,test
6286,test
394,test
4741,test
315,test
3042,test
6311,test
410,test
3583,test
4408,test
1436,test
6000,test
4645,test
2451,test
3007,test
4510,test
6072,test
6142,test
4979,test
6191,test
2341,test
998,test
5154,test
2816,test
2106,test
1852,test
5335,test
537,test
6316,test
633,test
2774,test
3740,test
1008,test
2846,test
4687,test
2895,test
4109,test
604,test
274,test
2842,test
4129,test
3809,test
2075,test
4627,test
2856,test
2302,test
67,test
2800,test
116,test
4331,test
5745,test
1781,test
3222,test
1428,test
4995,test
1554,test
5107,test
4177,test
3373,test
2874,test
5393,test
2972,test
4538,test
1117,test
5753,test
1274,test
4465,test
3164,test
2221,test
248,test
4407,test
1266,test
2456,test
5262,test
2502,test
1531,test
6137,test
6335,test
2594,test
1831,test
4376,test
20,test
2358,test
3197,test
5156,test
3777,test
5097,test
2384,test
5252,test
4513,test
3363,test
5944,test
5994,test
3195,test
3032,test
4580,test
4581,test
2071,test
5584,test
4222,test
1070,test
4868,test
1380,test
6124,test
810,test
4017,test
6021,test
5120,test
2837,test
5300,test
2226,test
1123,test
265,test
5593,test
4088,test
853,test
204,test
5775,test
4807,test
3566,test
5358,test
6011,test
2905,test
4982,test
2228,test
2863,test
1203,test
2968,test
5038,test
2224,test
2428,test
4569,test
4550,test
5413,test
311,test
5143,test
3445,test
